location,date,total_cases,new_cases,total_deaths,new_deaths,imported_cases,total_tests,new_tests
EC,2020-03-05,0,0,0,0,0,19,19
EC,2020-03-06,0,0,0,0,0,23,4
EC,2020-03-07,0,0,0,0,0,28,5
EC,2020-03-08,0,0,0,0,0,28,0
EC,2020-03-09,0,0,0,0,0,28,0
EC,2020-03-10,0,0,0,0,0,28,0
EC,2020-03-11,0,0,0,0,0,74,46
EC,2020-03-12,0,0,0,0,0,97,23
EC,2020-03-13,0,0,0,0,0,106,9
EC,2020-03-14,0,0,0,0,0,117,11
EC,2020-03-15,0,0,0,0,0,169,52
EC,2020-03-16,0,0,0,0,0,275,106
EC,2020-03-17,0,0,0,0,0,333,58
EC,2020-03-18,0,0,0,0,0,351,18
EC,2020-03-19,0,0,0,0,0,552,201
EC,2020-03-20,0,0,0,0,0,735,183
EC,2020-03-21,1,1,0,0,0,848,113
EC,2020-03-22,2,1,0,0,0,1064,216
EC,2020-03-23,2,0,0,0,0,1464,400
EC,2020-03-24,2,0,0,0,0,1774,310
EC,2020-03-25,2,0,0,0,0,1774,0
EC,2020-03-26,5,3,0,0,0,2338,564
EC,2020-03-27,5,0,0,0,0,3259,921
EC,2020-03-28,10,5,0,0,0,3650,391
EC,2020-03-29,12,2,0,0,0,4065,415
EC,2020-03-30,12,0,0,0,0,4387,322
EC,2020-03-31,12,0,0,0,0,4691,304
EC,2020-04-01,15,3,0,0,0,5059,368
EC,2020-04-02,17,2,0,0,0,5478,419
EC,2020-04-03,21,4,0,0,0,5752,274
EC,2020-04-04,25,4,0,0,0,6160,408
EC,2020-04-05,31,6,0,0,0,6495,335
EC,2020-04-06,32,1,0,0,0,6635,140
EC,2020-04-07,32,0,0,0,0,6635,0
EC,2020-04-08,45,13,0,0,0,7283,648
EC,2020-04-09,61,16,0,0,0,7865,582
EC,2020-04-10,68,7,0,0,0,8339,474
EC,2020-04-11,69,1,0,0,0,8570,231
EC,2020-04-12,88,19,0,0,0,9145,575
EC,2020-04-13,104,16,0,0,0,9554,409
EC,2020-04-14,174,70,0,0,0,9938,384
EC,2020-04-15,199,25,0,0,0,10337,399
EC,2020-04-16,220,21,4,4,0,10856,519
EC,2020-04-17,246,26,4,0,0,11515,659
EC,2020-04-18,270,24,4,0,0,12357,842
EC,2020-04-19,293,23,4,0,0,13100,743
EC,2020-04-20,310,17,5,1,0,13876,776
EC,2020-04-21,345,35,5,0,0,14496,620
EC,2020-04-22,377,32,5,0,0,15277,781
EC,2020-04-23,417,40,6,1,0,16396,1119
EC,2020-04-24,480,63,6,0,0,17403,1007
EC,2020-04-25,488,8,10,4,0,18387,984
EC,2020-04-26,535,47,10,0,0,19259,872
EC,2020-04-27,588,53,10,0,0,20381,1122
EC,2020-04-28,616,28,10,0,0,21184,803
EC,2020-04-29,630,14,11,1,0,22512,1328
EC,2020-04-30,647,17,11,0,0,23700,1188
EC,2020-05-01,691,44,11,0,0,24841,1141
EC,2020-05-02,732,41,13,2,0,26344,1503
EC,2020-05-03,774,42,17,4,0,28064,1720
EC,2020-05-04,814,40,17,0,0,29411,1347
EC,2020-05-05,838,24,18,1,0,30613,1202
EC,2020-05-06,849,11,18,0,0,31905,1292
EC,2020-05-07,929,80,18,0,0,33364,1459
EC,2020-05-08,989,60,21,3,0,35145,1781
EC,2020-05-09,1078,89,21,0,0,37010,1865
EC,2020-05-10,1218,140,22,1,0,38981,1971
EC,2020-05-11,1356,138,24,2,0,40663,1682
EC,2020-05-12,1504,148,24,0,0,42220,1557
EC,2020-05-13,1534,30,24,0,0,44122,1902
EC,2020-05-14,1569,35,31,7,0,46025,1903
EC,2020-05-15,1662,93,31,0,0,48142,2117
EC,2020-05-16,1812,150,32,1,0,50198,2056
EC,2020-05-17,1936,124,35,3,0,52632,2434
EC,2020-05-18,2052,116,39,4,0,54253,1621
EC,2020-05-19,2135,83,41,2,0,55799,1546
EC,2020-05-20,2215,80,45,4,0,57769,1970
EC,2020-05-21,2324,109,50,5,0,60004,2235
EC,2020-05-22,2459,135,53,3,0,62014,2010
EC,2020-05-23,2569,110,58,5,0,64451,2437
EC,2020-05-24,2690,121,59,1,0,66676,2225
EC,2020-05-25,2748,58,61,2,0,68152,1476
EC,2020-05-26,2864,116,70,9,0,69204,1052
EC,2020-05-27,3047,183,70,0,0,72516,3312
EC,2020-05-28,3306,259,77,7,0,74883,2367
EC,2020-05-29,3583,277,80,3,0,77675,2792
EC,2020-05-30,3759,176,82,2,0,80154,2479
EC,2020-05-31,3927,168,82,0,0,82808,2654
EC,2020-06-01,4111,184,82,0,0,84820,2012
EC,2020-06-02,4324,213,88,6,0,86966,2146
EC,2020-06-03,4526,202,95,7,0,89758,2792
EC,2020-06-04,4936,410,95,0,0,93720,3962
EC,2020-06-05,5240,304,95,0,0,97168,3448
EC,2020-06-06,5629,389,101,6,0,101827,4659
EC,2020-06-07,5974,345,101,0,0,105070,3243
EC,2020-06-08,6341,367,127,26,0,107696,2626
EC,2020-06-09,6760,419,138,11,0,110552,2856
EC,2020-06-10,7154,394,147,9,0,114016,3464
EC,2020-06-11,7868,714,178,31,0,117442,3426
EC,2020-06-12,8615,747,208,30,0,121099,3657
EC,2020-06-13,9250,635,217,9,0,124235,3136
EC,2020-06-14,10027,777,227,10,0,128126,3891
EC,2020-06-15,10597,570,236,9,0,131207,3081
EC,2020-06-16,11039,442,245,9,0,133900,2693
EC,2020-06-17,11919,880,251,6,0,137880,3980
EC,2020-06-18,12639,720,257,6,0,140248,2368
EC,2020-06-19,13506,867,257,0,0,143941,3693
EC,2020-06-20,14721,1215,268,11,0,147730,3789
EC,2020-06-21,15751,1030,285,17,0,151665,3935
EC,2020-06-22,16895,1144,303,18,0,154533,2868
EC,2020-06-23,18108,1213,331,28,0,157913,3380
EC,2020-06-24,19214,1106,346,15,0,161810,3897
EC,2020-06-25,20487,1273,363,17,0,166734,4924
EC,2020-06-26,21938,1451,371,8,0,170513,3779
EC,2020-06-27,23658,1720,384,13,0,174613,4100
EC,2020-06-28,25099,1441,387,3,0,178961,4348
EC,2020-06-29,26195,1096,397,10,0,182377,3416
EC,2020-06-30,27686,1491,422,25,0,186147,3770
EC,2020-07-01,29340,1654,439,17,0,190365,4218
EC,2020-07-02,30603,1263,451,12,0,194840,4475
EC,2020-07-03,32157,1554,459,8,0,199297,4457
EC,2020-07-04,34161,2004,490,31,0,204656,5359
EC,2020-07-05,35648,1487,519,29,0,209005,4349
EC,2020-07-06,38081,2433,528,9,0,212882,3877
EC,2020-07-07,40401,2320,564,36,0,217841,4959
EC,2020-07-08,42357,1956,582,18,0,222051,4210
EC,2020-07-09,44432,2075,610,28,0,228466,6415
EC,2020-07-10,46284,1852,634,24,0,234937,6471
EC,2020-07-11,48232,1948,664,30,0,240800,5863
EC,2020-07-12,50300,2068,686,22,0,246033,5233
EC,2020-07-13,52058,1758,709,23,0,250628,4595
EC,2020-07-14,53959,1901,726,17,0,254981,4353
EC,2020-07-15,55584,1625,738,12,0,260165,5184
EC,2020-07-16,57186,1602,763,25,0,265509,5344
EC,2020-07-17,58860,1674,772,9,0,271006,5497
EC,2020-07-18,60976,2116,811,39,0,276681,5675
EC,2020-07-19,63181,2205,825,14,0,282278,5597
EC,2020-07-20,65316,2135,871,46,0,286149,3871
EC,2020-07-21,66759,1443,945,74,0,289721,3572
EC,2020-07-22,67818,1059,1345,400,0,295266,5545
EC,2020-07-23,69445,1627,1393,48,0,300592,5326
EC,2020-07-24,71338,1893,1406,13,0,306574,5982
EC,2020-07-25,72772,1434,1450,44,0,311864,5290
EC,2020-07-26,73585,813,1457,7,0,316771,4907
EC,2020-07-27,74231,646,1534,77,0,320018,3247
EC,2020-07-28,75067,836,1545,11,0,323264,3246
EC,2020-07-29,75872,805,1579,34,0,328121,4857
EC,2020-07-30,77055,1183,1700,121,0,333247,5126
EC,2020-07-31,77938,883,1708,8,0,337985,4738
EC,2020-08-01,78782,844,1744,36,0,342833,4848
EC,2020-08-02,79410,628,1769,25,0,346807,3974
EC,2020-08-03,79674,264,1789,20,0,349310,2503
EC,2020-08-04,79844,170,1832,43,0,351538,2228
EC,2020-08-05,80400,556,1967,135,0,355534,3996
EC,2020-08-06,81014,614,2033,66,0,359716,4182
EC,2020-08-07,81615,601,2090,57,0,363582,3866
EC,2020-08-08,82074,459,2129,39,0,367763,4181
EC,2020-08-09,82401,327,2209,80,0,371225,3462
EC,2020-08-10,82587,186,2266,57,0,373156,1931
EC,2020-08-11,82715,128,2286,20,0,374467,1311
EC,2020-08-12,82779,64,2332,46,0,376346,1879
EC,2020-08-13,83002,223,2400,68,0,378637,2291
EC,2020-08-14,83372,370,2442,42,0,382704,4067
EC,2020-08-15,83671,299,2447,5,0,385778,3074
EC,2020-08-16,84006,335,2517,70,0,388360,2582
EC,2020-08-17,84092,86,2567,50,0,390077,1717
EC,2020-08-18,84144,52,2633,66,0,391753,1676
EC,2020-08-19,84362,218,2670,37,0,394645,2892
EC,2020-08-20,84586,224,2696,26,0,397456,2811
EC,2020-08-21,84787,201,2753,57,0,400222,2766
EC,2020-08-22,85039,252,2778,25,0,403712,3490
EC,2020-08-23,85203,164,2789,11,0,405809,2097
EC,2020-08-24,85240,37,2800,11,0,407024,1215
EC,2020-08-25,85311,71,2816,16,0,408711,1687
EC,2020-08-26,85472,161,2828,12,0,411011,2300
EC,2020-08-27,85625,153,2853,25,0,413182,2171
EC,2020-08-28,85701,76,2863,10,0,414818,1636
EC,2020-08-29,85899,198,2869,6,0,417177,2359
EC,2020-08-30,86060,161,2876,7,0,419678,2501
EC,2020-08-31,86163,103,2896,20,0,421831,2153
EC,2020-09-01,86217,54,2903,7,0,423166,1335
EC,2020-09-02,86322,105,2932,29,0,425600,2434
EC,2020-09-03,86489,167,2956,24,0,427927,2327
EC,2020-09-04,86635,146,2968,12,0,430051,2124
EC,2020-09-05,86755,120,2979,11,0,432121,2070
EC,2020-09-06,86849,94,2986,7,0,433990,1869
EC,2020-09-07,86868,19,2998,12,0,434990,1000
EC,2020-09-08,86926,58,3007,9,0,436385,1395
EC,2020-09-09,87040,114,3012,5,0,438867,2482
EC,2020-09-10,87128,88,3019,7,0,441214,2347
EC,2020-09-11,87222,94,3035,16,0,443579,2365
EC,2020-09-12,87323,101,3043,8,0,445705,2126
EC,2020-09-13,87415,92,3047,4,0,447497,1792
EC,2020-09-14,87456,41,3051,4,0,448655,1158
EC,2020-09-15,87513,57,3055,4,0,449980,1325
EC,2020-09-16,87663,150,3055,0,0,452374,2394
EC,2020-09-17,87776,113,3058,3,0,454927,2553
EC,2020-09-18,87894,118,3063,5,0,457218,2291
EC,2020-09-19,88034,140,3067,4,0,459624,2406
EC,2020-09-20,88164,130,3070,3,0,461552,1928
EC,2020-09-21,88205,41,3079,9,0,462258,706
EC,2020-09-22,88319,114,3084,5,0,464130,1872
EC,2020-09-23,88420,101,3086,2,0,466373,2243
EC,2020-09-24,88569,149,3093,7,0,468475,2102
EC,2020-09-25,88680,111,3098,5,0,470179,1704
EC,2020-09-26,88776,96,3103,5,0,471476,1297
EC,2020-09-27,88892,116,3110,7,0,473192,1716
EC,2020-09-28,88975,83,3113,3,0,474221,1029
EC,2020-09-29,89076,101,3121,8,0,475593,1372
EC,2020-09-30,89204,128,3124,3,0,478268,2675
EC,2020-10-01,89359,155,3124,0,0,480681,2413
EC,2020-10-02,89552,193,3127,3,0,483040,2359
EC,2020-10-03,89693,141,3128,1,0,485530,2490
EC,2020-10-04,89853,160,3128,0,0,487599,2069
EC,2020-10-05,89964,111,3140,12,0,488823,1224
EC,2020-10-06,89991,27,3144,4,0,490489,1666
EC,2020-10-07,90165,174,3145,1,0,493182,2693
EC,2020-10-08,90339,174,3163,18,0,495600,2418
FS,2020-03-05,0,0,0,0,0,8,8
FS,2020-03-06,0,0,0,0,0,10,2
FS,2020-03-07,0,0,0,0,0,12,2
FS,2020-03-08,0,0,0,0,0,12,0
FS,2020-03-09,0,0,0,0,0,12,0
FS,2020-03-10,0,0,0,0,0,12,0
FS,2020-03-11,0,0,0,0,0,32,20
FS,2020-03-12,0,0,0,0,0,42,10
FS,2020-03-13,0,0,0,0,0,46,4
FS,2020-03-14,0,0,0,0,0,51,5
FS,2020-03-15,0,0,0,0,0,74,23
FS,2020-03-16,0,0,0,0,0,120,46
FS,2020-03-17,0,0,0,0,0,145,25
FS,2020-03-18,0,0,0,0,0,153,8
FS,2020-03-19,0,0,0,0,0,240,87
FS,2020-03-20,7,7,0,0,0,319,79
FS,2020-03-21,7,0,0,0,0,367,48
FS,2020-03-22,9,2,0,0,0,460,93
FS,2020-03-23,13,4,0,0,0,632,172
FS,2020-03-24,18,5,0,0,0,765,133
FS,2020-03-25,30,12,0,0,0,765,0
FS,2020-03-26,49,19,0,0,0,1008,243
FS,2020-03-27,49,0,0,0,0,1404,396
FS,2020-03-28,68,19,0,0,0,1572,168
FS,2020-03-29,72,4,0,0,0,1750,178
FS,2020-03-30,72,0,1,1,0,1888,138
FS,2020-03-31,74,2,1,0,0,2019,131
FS,2020-04-01,76,2,1,0,0,2177,158
FS,2020-04-02,84,8,1,0,0,2357,180
FS,2020-04-03,84,0,1,0,0,2475,118
FS,2020-04-04,85,1,1,0,0,2651,176
FS,2020-04-05,87,2,1,0,0,2795,144
FS,2020-04-06,89,2,1,0,0,2855,60
FS,2020-04-07,89,0,1,0,0,2855,0
FS,2020-04-08,89,0,3,2,0,3134,279
FS,2020-04-09,93,4,3,0,0,3384,250
FS,2020-04-10,94,1,3,0,0,3588,204
FS,2020-04-11,94,0,3,0,0,3687,99
FS,2020-04-12,96,2,3,0,0,3934,247
FS,2020-04-13,96,0,3,0,0,4110,176
FS,2020-04-14,98,2,3,0,0,4275,165
FS,2020-04-15,98,0,3,0,0,4447,172
FS,2020-04-16,98,0,4,1,0,4670,223
FS,2020-04-17,100,2,4,0,0,4953,283
FS,2020-04-18,100,0,4,0,0,5315,362
FS,2020-04-19,100,0,4,0,0,5635,320
FS,2020-04-20,105,5,5,1,0,5969,334
FS,2020-04-21,106,1,5,0,0,6236,267
FS,2020-04-22,106,0,5,0,0,6572,336
FS,2020-04-23,106,0,5,0,0,7053,481
FS,2020-04-24,111,5,5,0,0,7486,433
FS,2020-04-25,111,0,5,0,0,7909,423
FS,2020-04-26,111,0,5,0,0,8284,375
FS,2020-04-27,111,0,5,0,0,8767,483
FS,2020-04-28,113,2,5,0,0,9112,345
FS,2020-04-29,113,0,5,0,0,9683,571
FS,2020-04-30,116,3,5,0,0,10194,511
FS,2020-05-01,118,2,5,0,0,10685,491
FS,2020-05-02,121,3,6,1,0,11332,647
FS,2020-05-03,122,1,6,0,0,12072,740
FS,2020-05-04,125,3,6,0,0,12651,579
FS,2020-05-05,128,3,6,0,0,13168,517
FS,2020-05-06,130,2,6,0,0,13724,556
FS,2020-05-07,134,4,6,0,0,14352,628
FS,2020-05-08,134,0,6,0,0,15118,766
FS,2020-05-09,134,0,6,0,0,15920,802
FS,2020-05-10,135,1,6,0,0,16768,848
FS,2020-05-11,135,0,6,0,0,17492,724
FS,2020-05-12,135,0,6,0,0,18162,670
FS,2020-05-13,138,3,6,0,0,18980,818
FS,2020-05-14,145,7,6,0,0,19799,819
FS,2020-05-15,151,6,6,0,0,20710,911
FS,2020-05-16,153,2,6,0,0,21594,884
FS,2020-05-17,158,5,6,0,0,22641,1047
FS,2020-05-18,163,5,6,0,0,23339,698
FS,2020-05-19,168,5,6,0,0,24004,665
FS,2020-05-20,180,12,6,0,0,24852,848
FS,2020-05-21,184,4,6,0,0,25814,962
FS,2020-05-22,185,1,6,0,0,26679,865
FS,2020-05-23,196,11,6,0,0,27727,1048
FS,2020-05-24,202,6,6,0,0,28684,957
FS,2020-05-25,208,6,6,0,0,29319,635
FS,2020-05-26,208,0,6,0,0,29772,453
FS,2020-05-27,221,13,6,0,0,31197,1425
FS,2020-05-28,225,4,8,2,0,32215,1018
FS,2020-05-29,231,6,8,0,0,33416,1201
FS,2020-05-30,261,30,8,0,0,34482,1066
FS,2020-05-31,278,17,8,0,0,35624,1142
FS,2020-06-01,285,7,8,0,0,36489,865
FS,2020-06-02,299,14,8,0,0,37412,923
FS,2020-06-03,319,20,8,0,0,38613,1201
FS,2020-06-04,322,3,9,1,0,40318,1705
FS,2020-06-05,336,14,9,0,0,41801,1483
FS,2020-06-06,348,12,9,0,0,43805,2004
FS,2020-06-07,361,13,9,0,0,45200,1395
FS,2020-06-08,373,12,9,0,0,46330,1130
FS,2020-06-09,391,18,9,0,0,47559,1229
FS,2020-06-10,401,10,9,0,0,49049,1490
FS,2020-06-11,406,5,9,0,0,50523,1474
FS,2020-06-12,435,29,9,0,0,52096,1573
FS,2020-06-13,457,22,9,0,0,53445,1349
FS,2020-06-14,495,38,9,0,0,55119,1674
FS,2020-06-15,512,17,9,0,0,56444,1325
FS,2020-06-16,578,66,9,0,0,57602,1158
FS,2020-06-17,608,30,9,0,0,59314,1712
FS,2020-06-18,649,41,9,0,0,60333,1019
FS,2020-06-19,658,9,9,0,0,61922,1589
FS,2020-06-20,700,42,9,0,0,63552,1630
FS,2020-06-21,733,33,9,0,0,65245,1693
FS,2020-06-22,772,39,9,0,0,66479,1234
FS,2020-06-23,814,42,9,0,0,67933,1454
FS,2020-06-24,889,75,9,0,0,69609,1676
FS,2020-06-25,976,87,9,0,0,71727,2118
FS,2020-06-26,1069,93,9,0,0,73353,1626
FS,2020-06-27,1160,91,9,0,0,75117,1764
FS,2020-06-28,1279,119,9,0,0,76988,1871
FS,2020-06-29,1377,98,9,0,0,78457,1469
FS,2020-06-30,1514,137,9,0,0,80079,1622
FS,2020-07-01,1672,158,9,0,0,81893,1814
FS,2020-07-02,1886,214,9,0,0,83818,1925
FS,2020-07-03,2130,244,9,0,0,85735,1917
FS,2020-07-04,2376,246,9,0,0,88040,2305
FS,2020-07-05,2553,177,19,10,0,89911,1871
FS,2020-07-06,2804,251,19,0,0,91579,1668
FS,2020-07-07,3034,230,19,0,0,93712,2133
FS,2020-07-08,3259,225,19,0,0,95523,1811
FS,2020-07-09,3724,465,19,0,0,98282,2759
FS,2020-07-10,4221,497,19,0,0,101066,2784
FS,2020-07-11,4679,458,19,0,0,103588,2522
FS,2020-07-12,5224,545,19,0,0,105839,2251
FS,2020-07-13,5632,408,35,16,0,107816,1977
FS,2020-07-14,5973,341,35,0,0,109688,1872
FS,2020-07-15,6561,588,35,0,0,111918,2230
FS,2020-07-16,7312,751,45,10,0,114217,2299
FS,2020-07-17,8290,978,47,2,0,116582,2365
FS,2020-07-18,9004,714,47,0,0,119023,2441
FS,2020-07-19,9993,989,47,0,0,121431,2408
FS,2020-07-20,10727,734,57,10,0,123096,1665
FS,2020-07-21,11352,625,57,0,0,124632,1536
FS,2020-07-22,12332,980,62,5,0,127017,2385
FS,2020-07-23,13443,1111,62,0,0,129308,2291
FS,2020-07-24,14542,1099,63,1,0,131881,2573
FS,2020-07-25,15512,970,63,0,0,134157,2276
FS,2020-07-26,16482,970,63,0,0,136268,2111
FS,2020-07-27,17222,740,154,91,0,137665,1397
FS,2020-07-28,18134,912,154,0,0,139061,1396
FS,2020-07-29,19207,1073,154,0,0,141150,2089
FS,2020-07-30,20398,1191,154,0,0,143355,2205
FS,2020-07-31,21262,864,154,0,0,145393,2038
FS,2020-08-01,22308,1046,154,0,0,147478,2085
FS,2020-08-02,23099,791,205,51,0,149187,1709
FS,2020-08-03,23705,606,205,0,0,150264,1077
FS,2020-08-04,24333,628,205,0,0,151222,958
FS,2020-08-05,25232,899,327,122,0,152941,1719
FS,2020-08-06,26123,891,350,23,0,154740,1799
FS,2020-08-07,26877,754,350,0,0,156403,1663
FS,2020-08-08,27742,865,350,0,0,158201,1798
FS,2020-08-09,28370,628,350,0,0,159690,1489
FS,2020-08-10,28909,539,414,64,0,160521,831
FS,2020-08-11,29209,300,414,0,0,161085,564
FS,2020-08-12,29578,369,414,0,0,161893,808
FS,2020-08-13,30049,471,476,62,0,162879,986
FS,2020-08-14,30837,788,496,20,0,164629,1750
FS,2020-08-15,31465,628,513,17,0,165951,1322
FS,2020-08-16,31870,405,519,6,0,167062,1111
FS,2020-08-17,32304,434,524,5,0,167800,738
FS,2020-08-18,32593,289,537,13,0,168521,721
FS,2020-08-19,33163,570,542,5,0,169765,1244
FS,2020-08-20,33665,502,567,25,0,170974,1209
FS,2020-08-21,34136,471,567,0,0,172164,1190
FS,2020-08-22,34621,485,567,0,0,173665,1501
FS,2020-08-23,34980,359,567,0,0,174567,902
FS,2020-08-24,35367,387,567,0,0,175090,523
FS,2020-08-25,35603,236,567,0,0,175816,726
FS,2020-08-26,35980,377,567,0,0,176805,989
FS,2020-08-27,36419,439,567,0,0,177739,934
FS,2020-08-28,36742,323,567,0,0,178443,704
FS,2020-08-29,37157,415,690,123,0,179458,1015
FS,2020-08-30,37557,400,693,3,0,180534,1076
FS,2020-08-31,37888,331,709,16,0,181460,926
FS,2020-09-01,38125,237,716,7,0,182034,574
FS,2020-09-02,38473,348,731,15,0,183081,1047
FS,2020-09-03,38869,396,739,8,0,184082,1001
FS,2020-09-04,39192,323,757,18,0,184996,914
FS,2020-09-05,39486,294,776,19,0,185886,890
FS,2020-09-06,39781,295,785,9,0,186690,804
FS,2020-09-07,39986,205,792,7,0,187120,430
FS,2020-09-08,40154,168,798,6,0,187720,600
FS,2020-09-09,40456,302,806,8,0,188788,1068
FS,2020-09-10,40832,376,810,4,0,189798,1010
FS,2020-09-11,41250,418,812,2,0,190816,1018
FS,2020-09-12,41604,354,817,5,0,191731,915
FS,2020-09-13,41875,271,817,0,0,192502,771
FS,2020-09-14,42120,245,838,21,0,193000,498
FS,2020-09-15,42255,135,838,0,0,193570,570
FS,2020-09-16,42602,347,838,0,0,194600,1030
FS,2020-09-17,43041,439,838,0,0,195698,1098
FS,2020-09-18,43375,334,838,0,0,196683,985
FS,2020-09-19,43776,401,838,0,0,197718,1035
FS,2020-09-20,44037,261,838,0,0,198547,829
FS,2020-09-21,44291,254,838,0,0,198851,304
FS,2020-09-22,44616,325,838,0,0,199656,805
FS,2020-09-23,44943,327,838,0,0,200621,965
FS,2020-09-24,45353,410,838,0,0,201525,904
FS,2020-09-25,45678,325,838,0,0,202258,733
FS,2020-09-26,45877,199,838,0,0,202816,558
FS,2020-09-27,46128,251,838,0,0,203554,738
FS,2020-09-28,46349,221,1016,178,0,203997,443
FS,2020-09-29,46558,209,1021,5,0,204587,590
FS,2020-09-30,46947,389,1028,7,0,205738,1151
FS,2020-10-01,47316,369,1042,14,0,206776,1038
FS,2020-10-02,47676,360,1051,9,0,207791,1015
FS,2020-10-03,48088,412,1059,8,0,208862,1071
FS,2020-10-04,48403,315,1059,0,0,209752,890
FS,2020-10-05,48662,259,1073,14,0,210278,526
FS,2020-10-06,48865,203,1073,0,0,210995,717
FS,2020-10-07,49270,405,1084,11,0,212154,1159
FS,2020-10-08,49683,413,1090,6,0,213194,1040
GP,2020-03-05,0,0,0,0,0,42,42
GP,2020-03-06,0,0,0,0,0,51,9
GP,2020-03-07,1,1,0,0,0,62,11
GP,2020-03-08,1,0,0,0,0,62,0
GP,2020-03-09,1,0,0,0,0,62,0
GP,2020-03-10,1,0,0,0,0,62,0
GP,2020-03-11,5,4,0,0,0,166,104
GP,2020-03-12,6,1,0,0,0,218,52
GP,2020-03-13,10,4,0,0,0,238,20
GP,2020-03-14,17,7,0,0,0,262,24
GP,2020-03-15,24,7,0,0,0,381,119
GP,2020-03-16,31,7,0,0,0,621,240
GP,2020-03-17,45,14,0,0,0,752,131
GP,2020-03-18,61,16,0,0,0,793,41
GP,2020-03-19,76,15,0,0,0,1248,455
GP,2020-03-20,109,33,0,0,0,1663,415
GP,2020-03-21,125,16,0,0,0,1918,255
GP,2020-03-22,132,7,0,0,0,2406,488
GP,2020-03-23,207,76,0,0,0,3310,904
GP,2020-03-24,302,114,0,0,0,4011,701
GP,2020-03-25,319,82,0,0,0,4011,0
GP,2020-03-26,409,169,0,0,0,5287,1276
GP,2020-03-27,409,79,0,0,0,7370,2083
GP,2020-03-28,533,241,0,0,0,8255,885
GP,2020-03-29,584,151,0,0,0,9192,937
GP,2020-03-30,618,130,0,0,0,9919,727
GP,2020-03-31,633,105,1,1,0,10607,688
GP,2020-04-01,645,102,1,0,0,11438,831
GP,2020-04-02,663,112,1,0,0,12386,948
GP,2020-04-03,672,103,1,0,0,13005,619
GP,2020-04-04,693,84,1,0,0,13928,923
GP,2020-04-05,704,88,1,0,0,14686,758
GP,2020-04-06,713,86,1,0,0,15002,316
GP,2020-04-07,713,77,1,0,0,15002,0
GP,2020-04-08,782,80,3,2,0,16468,1466
GP,2020-04-09,795,24,3,0,0,17784,1316
GP,2020-04-10,801,16,3,0,0,18857,1073
GP,2020-04-11,813,22,3,0,0,19380,523
GP,2020-04-12,865,67,3,0,0,20679,1299
GP,2020-04-13,890,42,4,1,0,21603,924
GP,2020-04-14,909,37,4,0,0,22470,867
GP,2020-04-15,930,39,5,1,0,23372,902
GP,2020-04-16,969,55,6,1,0,24546,1174
GP,2020-04-17,1018,71,6,0,0,26035,1489
GP,2020-04-18,1101,115,6,0,0,27939,1904
GP,2020-04-19,1148,89,6,0,0,29620,1681
GP,2020-04-20,1170,65,7,1,0,31376,1756
GP,2020-04-21,1199,72,7,0,0,32777,1401
GP,2020-04-22,1224,26,7,0,0,34542,1765
GP,2020-04-23,1252,29,8,1,0,37071,2529
GP,2020-04-24,1281,29,8,0,0,39348,2277
GP,2020-04-25,1304,23,8,0,0,41572,2224
GP,2020-04-26,1331,27,8,0,0,43544,1972
GP,2020-04-27,1353,22,8,0,0,46081,2537
GP,2020-04-28,1377,24,8,0,0,47895,1814
GP,2020-04-29,1408,31,11,3,0,50898,3003
GP,2020-04-30,1446,38,11,0,0,53584,2686
GP,2020-05-01,1507,61,11,0,0,56164,2580
GP,2020-05-02,1598,91,12,1,0,59563,3399
GP,2020-05-03,1624,26,14,2,0,63452,3889
GP,2020-05-04,1651,27,14,0,0,66497,3045
GP,2020-05-05,1697,46,15,1,0,69214,2717
GP,2020-05-06,1720,23,15,0,0,72136,2922
GP,2020-05-07,1804,84,15,0,0,75434,3298
GP,2020-05-08,1851,47,18,3,0,79462,4028
GP,2020-05-09,1910,59,19,1,0,83678,4216
GP,2020-05-10,1952,42,22,3,0,88134,4456
GP,2020-05-11,1971,19,22,0,0,91938,3804
GP,2020-05-12,2014,43,22,0,0,95457,3519
GP,2020-05-13,2074,60,24,2,0,99757,4300
GP,2020-05-14,2135,61,24,0,0,104060,4303
GP,2020-05-15,2210,75,24,0,0,108846,4786
GP,2020-05-16,2262,52,25,1,0,113495,4649
GP,2020-05-17,2329,67,25,0,0,118998,5503
GP,2020-05-18,2343,14,26,1,0,122664,3666
GP,2020-05-19,2361,18,27,1,0,126160,3496
GP,2020-05-20,2400,39,27,0,0,130615,4455
GP,2020-05-21,2453,53,27,0,0,135669,5054
GP,2020-05-22,2521,68,29,2,0,140213,4544
GP,2020-05-23,2633,112,29,0,0,145723,5510
GP,2020-05-24,2773,140,29,0,0,150754,5031
GP,2020-05-25,2993,220,30,1,0,154091,3337
GP,2020-05-26,3043,50,31,1,0,156470,2379
GP,2020-05-27,3167,124,31,0,0,163959,7489
GP,2020-05-28,3329,162,31,0,0,169311,5352
GP,2020-05-29,3583,286,31,0,0,175625,6314
GP,2020-05-30,3773,223,31,0,0,181230,5605
GP,2020-05-31,4003,236,33,2,0,187231,6001
GP,2020-06-01,4231,234,33,0,0,191780,4549
GP,2020-06-02,4276,51,33,0,0,196632,4852
GP,2020-06-03,4567,296,33,0,0,202944,6312
GP,2020-06-04,4845,283,33,0,0,211903,8959
GP,2020-06-05,5215,375,40,7,0,219700,7797
GP,2020-06-06,5626,416,47,7,0,230234,10534
GP,2020-06-07,5946,339,47,0,0,237566,7332
GP,2020-06-08,6258,351,47,0,0,243503,5937
GP,2020-06-09,6546,345,57,10,0,249961,6458
GP,2020-06-10,7195,706,57,0,0,257792,7831
GP,2020-06-11,7953,821,57,0,0,265538,7746
GP,2020-06-12,8781,891,57,0,0,273807,8269
GP,2020-06-13,9897,1179,81,24,0,280898,7091
GP,2020-06-14,11164,1330,81,0,0,289695,8797
GP,2020-06-15,12193,1092,87,6,0,296660,6965
GP,2020-06-16,13023,893,87,0,0,302749,6089
GP,2020-06-17,14620,1649,87,0,0,311747,8998
GP,2020-06-18,15898,1330,87,0,0,317102,5355
GP,2020-06-19,17261,1415,114,27,0,325451,8349
GP,2020-06-20,18978,1766,114,0,0,334017,8566
GP,2020-06-21,20822,1847,122,8,0,342913,8896
GP,2020-06-22,22341,1522,122,0,0,349398,6485
GP,2020-06-23,24041,1700,122,0,0,357040,7642
GP,2020-06-24,26156,2115,147,25,0,365851,8811
GP,2020-06-25,28746,2590,149,2,0,376984,11133
GP,2020-06-26,31344,2598,149,0,0,385529,8545
GP,2020-06-27,34285,2941,166,17,0,394800,9271
GP,2020-06-28,36895,2610,174,8,0,404631,9831
GP,2020-06-29,39841,2946,180,6,0,412354,7723
GP,2020-06-30,42881,3040,216,36,0,420878,8524
GP,2020-07-01,45944,3063,244,28,0,430414,9536
GP,2020-07-02,49937,3993,282,38,0,440533,10119
GP,2020-07-03,54331,4394,282,0,0,450610,10077
GP,2020-07-04,59373,5042,282,0,0,462726,12116
GP,2020-07-05,63404,4031,353,71,0,472559,9833
GP,2020-07-06,66891,3487,403,50,0,481325,8766
GP,2020-07-07,71488,4597,478,75,0,492537,11212
GP,2020-07-08,75015,3527,478,0,0,502056,9519
GP,2020-07-09,81546,6531,515,37,0,516559,14503
GP,2020-07-10,87033,5487,554,39,0,531190,14631
GP,2020-07-11,93044,6011,580,26,0,544446,13256
GP,2020-07-12,98431,5387,644,64,0,556277,11831
GP,2020-07-13,103713,5282,644,0,0,566665,10388
GP,2020-07-14,107070,3464,726,82,0,576506,9841
GP,2020-07-15,112714,5751,767,41,0,588226,11720
GP,2020-07-16,117895,5242,853,86,0,600309,12083
GP,2020-07-17,123408,5574,917,64,0,612736,12427
GP,2020-07-18,128604,5263,956,39,0,625566,12830
GP,2020-07-19,133617,5080,986,30,0,638220,12654
GP,2020-07-20,136879,3314,999,13,0,646973,8753
GP,2020-07-21,139435,2602,1042,43,0,655048,8075
GP,2020-07-22,144582,5197,1156,114,0,667585,12537
GP,2020-07-23,148854,4322,1187,31,0,679626,12041
GP,2020-07-24,153020,4216,1326,139,0,693151,13525
GP,2020-07-25,156821,3851,1535,209,0,705112,11961
GP,2020-07-26,160154,3383,1564,29,0,716206,11094
GP,2020-07-27,162319,2215,1625,61,0,723548,7342
GP,2020-07-28,164584,2315,1680,55,0,730887,7339
GP,2020-07-29,168369,3835,1836,156,0,741868,10981
GP,2020-07-30,171574,3255,1932,96,0,753458,11590
GP,2020-07-31,175272,3748,2035,103,0,764170,10712
GP,2020-08-01,178119,2897,2075,40,0,775131,10961
GP,2020-08-02,180532,2463,2115,40,0,784115,8984
GP,2020-08-03,181946,1464,2152,37,0,789774,5659
GP,2020-08-04,183090,1194,2268,116,0,794811,5037
GP,2020-08-05,185282,2242,2313,45,0,803845,9034
GP,2020-08-06,187631,2399,2388,75,0,813300,9455
GP,2020-08-07,189159,1578,2524,136,0,822041,8741
GP,2020-08-08,190999,1890,2547,23,0,831493,9452
GP,2020-08-09,192767,1818,2579,32,0,839321,7828
GP,2020-08-10,193561,844,2618,39,0,843688,4367
GP,2020-08-11,194093,582,2653,35,0,846653,2965
GP,2020-08-12,194685,642,2761,108,0,850902,4249
GP,2020-08-13,195820,1185,2791,30,0,856082,5180
GP,2020-08-14,197531,1761,2867,76,0,865278,9196
GP,2020-08-15,198671,1190,2888,21,0,872228,6950
GP,2020-08-16,199635,1014,2915,27,0,878066,5838
GP,2020-08-17,200237,652,2929,14,0,881947,3881
GP,2020-08-18,200949,762,3018,89,0,885737,3790
GP,2020-08-19,202011,1112,3061,43,0,892276,6539
GP,2020-08-20,202955,994,3144,83,0,898631,6355
GP,2020-08-21,203832,927,3190,46,0,904886,6255
GP,2020-08-22,205246,1464,3227,37,0,912777,7891
GP,2020-08-23,206018,822,3268,41,0,917517,4740
GP,2020-08-24,206525,557,3280,12,0,920264,2747
GP,2020-08-25,206892,417,3334,54,0,924078,3814
GP,2020-08-26,207610,768,3395,61,0,929278,5200
GP,2020-08-27,208156,596,3428,33,0,934186,4908
GP,2020-08-28,208579,473,3475,47,0,937886,3700
GP,2020-08-29,209123,594,3556,81,0,943220,5334
GP,2020-08-30,209648,575,3572,16,0,948875,5655
GP,2020-08-31,210169,571,3592,20,0,953742,4867
GP,2020-09-01,210518,399,3631,39,0,956760,3018
GP,2020-09-02,211157,639,3680,49,0,962263,5503
GP,2020-09-03,211678,521,3730,50,0,967525,5262
GP,2020-09-04,212186,508,3773,43,0,972327,4802
GP,2020-09-05,212564,378,3789,16,0,977006,4679
GP,2020-09-06,212898,334,3813,24,0,981232,4226
GP,2020-09-07,213087,189,3818,5,0,983494,2262
GP,2020-09-08,213333,246,3833,15,0,986647,3153
GP,2020-09-09,213741,408,3860,27,0,992259,5612
GP,2020-09-10,214152,411,3881,21,0,997566,5307
GP,2020-09-11,214486,334,3900,19,0,1002914,5348
GP,2020-09-12,214831,345,3912,12,0,1007722,4808
GP,2020-09-13,215140,309,3918,6,0,1011774,4052
GP,2020-09-14,215307,167,3921,3,0,1014391,2617
GP,2020-09-15,215481,174,3933,12,0,1017387,2996
GP,2020-09-16,215898,417,3947,14,0,1022800,5413
GP,2020-09-17,216341,443,3960,13,0,1028572,5772
GP,2020-09-18,216790,449,4027,67,0,1033751,5179
GP,2020-09-19,217116,326,4027,0,0,1039191,5440
GP,2020-09-20,217370,254,4030,3,0,1043551,4360
GP,2020-09-21,217485,115,4039,9,0,1045147,1596
GP,2020-09-22,217759,274,4084,45,0,1049380,4233
GP,2020-09-23,218115,356,4095,11,0,1054451,5071
GP,2020-09-24,218420,305,4153,58,0,1059203,4752
GP,2020-09-25,218650,230,4158,5,0,1063055,3852
GP,2020-09-26,218861,211,4201,43,0,1065988,2933
GP,2020-09-27,219039,178,4203,2,0,1069868,3880
GP,2020-09-28,219202,163,4205,2,0,1072195,2327
GP,2020-09-29,219373,171,4233,28,0,1075296,3101
GP,2020-09-30,219704,331,4244,11,0,1081345,6049
GP,2020-10-01,220056,352,4252,8,0,1086801,5456
GP,2020-10-02,220365,309,4260,8,0,1092136,5335
GP,2020-10-03,220696,331,4262,2,0,1097766,5630
GP,2020-10-04,220910,214,4299,37,0,1102443,4677
GP,2020-10-05,221061,151,4304,5,0,1105209,2766
GP,2020-10-06,221320,259,4332,28,0,1108976,3767
GP,2020-10-07,221719,399,4373,41,0,1115065,6089
GP,2020-10-08,222038,319,4386,13,0,1120532,5467
KZN,2020-03-05,1,1,0,0,0,31,31
KZN,2020-03-06,1,0,0,0,0,38,7
KZN,2020-03-07,1,0,0,0,0,46,8
KZN,2020-03-08,2,1,0,0,0,46,0
KZN,2020-03-09,6,4,0,0,0,46,0
KZN,2020-03-10,6,0,0,0,0,46,0
KZN,2020-03-11,7,1,0,0,0,124,78
KZN,2020-03-12,8,1,0,0,0,163,39
KZN,2020-03-13,10,2,0,0,0,178,15
KZN,2020-03-14,11,1,0,0,0,196,18
KZN,2020-03-15,12,1,0,0,0,284,88
KZN,2020-03-16,12,0,0,0,0,462,178
KZN,2020-03-17,16,4,0,0,0,559,97
KZN,2020-03-18,19,3,0,0,0,590,31
KZN,2020-03-19,22,3,0,0,0,928,338
KZN,2020-03-20,23,1,0,0,0,1236,308
KZN,2020-03-21,26,3,0,0,0,1426,190
KZN,2020-03-22,35,9,0,0,0,1789,363
KZN,2020-03-23,60,25,0,0,0,2461,672
KZN,2020-03-24,80,20,0,0,0,2982,521
KZN,2020-03-25,91,11,0,0,0,2982,0
KZN,2020-03-26,134,43,0,0,0,3931,949
KZN,2020-03-27,134,0,0,0,0,5480,1549
KZN,2020-03-28,156,22,1,1,0,6138,658
KZN,2020-03-29,167,11,1,0,0,6835,697
KZN,2020-03-30,171,4,1,0,0,7376,541
KZN,2020-03-31,179,8,2,1,0,7887,511
KZN,2020-04-01,186,7,2,0,0,8505,618
KZN,2020-04-02,206,20,2,0,0,9210,705
KZN,2020-04-03,215,9,6,4,0,9670,460
KZN,2020-04-04,232,17,6,0,0,10357,687
KZN,2020-04-05,246,14,7,1,0,10921,564
KZN,2020-04-06,257,11,7,0,0,11156,235
KZN,2020-04-07,257,0,8,1,0,11156,0
KZN,2020-04-08,354,97,9,1,0,12247,1091
KZN,2020-04-09,387,33,9,0,0,13226,979
KZN,2020-04-10,412,25,12,3,0,14024,798
KZN,2020-04-11,418,6,12,0,0,14413,389
KZN,2020-04-12,443,25,12,0,0,15380,967
KZN,2020-04-13,465,22,12,0,0,16067,687
KZN,2020-04-14,489,24,12,0,0,16712,645
KZN,2020-04-15,519,30,18,6,0,17383,671
KZN,2020-04-16,539,20,20,2,0,18256,873
KZN,2020-04-17,591,52,20,0,0,19364,1108
KZN,2020-04-18,604,13,21,1,0,20780,1416
KZN,2020-04-19,617,13,22,1,0,22030,1250
KZN,2020-04-20,639,22,23,1,0,23336,1306
KZN,2020-04-21,671,32,23,0,0,24378,1042
KZN,2020-04-22,758,87,25,2,0,25691,1313
KZN,2020-04-23,807,49,27,2,0,27573,1882
KZN,2020-04-24,841,34,29,2,0,29267,1694
KZN,2020-04-25,841,0,29,0,0,30922,1655
KZN,2020-04-26,863,22,29,0,0,32389,1467
KZN,2020-04-27,902,39,30,1,0,34276,1887
KZN,2020-04-28,919,17,30,0,0,35626,1350
KZN,2020-04-29,956,37,32,2,0,37860,2234
KZN,2020-04-30,980,24,32,0,0,39858,1998
KZN,2020-05-01,1006,26,32,0,0,41777,1919
KZN,2020-05-02,1051,45,34,2,0,44305,2528
KZN,2020-05-03,1076,25,34,0,0,47198,2893
KZN,2020-05-04,1106,30,35,1,0,49463,2265
KZN,2020-05-05,1142,36,36,1,0,51484,2021
KZN,2020-05-06,1149,7,38,2,0,53657,2173
KZN,2020-05-07,1204,55,40,2,0,56111,2454
KZN,2020-05-08,1253,49,42,2,0,59107,2996
KZN,2020-05-09,1308,55,42,0,0,62243,3136
KZN,2020-05-10,1353,45,43,1,0,65558,3315
KZN,2020-05-11,1372,19,44,1,0,68387,2829
KZN,2020-05-12,1394,22,44,0,0,71005,2618
KZN,2020-05-13,1413,19,44,0,0,74204,3199
KZN,2020-05-14,1444,31,44,0,0,77405,3201
KZN,2020-05-15,1482,38,45,1,0,80965,3560
KZN,2020-05-16,1498,16,45,0,0,84423,3458
KZN,2020-05-17,1543,45,45,0,0,88517,4094
KZN,2020-05-18,1567,24,45,0,0,91244,2727
KZN,2020-05-19,1616,49,46,1,0,93844,2600
KZN,2020-05-20,1650,34,46,0,0,97158,3314
KZN,2020-05-21,1693,43,46,0,0,100917,3759
KZN,2020-05-22,1735,42,47,1,0,104297,3380
KZN,2020-05-23,1777,42,48,1,0,108395,4098
KZN,2020-05-24,1815,38,49,1,0,112138,3743
KZN,2020-05-25,1882,67,49,0,0,114620,2482
KZN,2020-05-26,1927,45,49,0,0,116390,1770
KZN,2020-05-27,2186,259,49,0,0,121961,5571
KZN,2020-05-28,2349,163,50,1,0,125942,3981
KZN,2020-05-29,2428,79,50,0,0,130639,4697
KZN,2020-05-30,2476,48,52,2,0,134809,4170
KZN,2020-05-31,2545,69,52,0,0,139273,4464
KZN,2020-06-01,2565,20,52,0,0,142657,3384
KZN,2020-06-02,2637,72,53,1,0,146266,3609
KZN,2020-06-03,2707,70,54,1,0,150961,4695
KZN,2020-06-04,2869,162,55,1,0,157625,6664
KZN,2020-06-05,2936,67,55,0,0,163425,5800
KZN,2020-06-06,3016,80,61,6,0,171261,7836
KZN,2020-06-07,3108,92,61,0,0,176715,5454
KZN,2020-06-08,3175,67,62,1,0,181132,4417
KZN,2020-06-09,3255,80,62,0,0,185936,4804
KZN,2020-06-10,3347,92,64,2,0,191762,5826
KZN,2020-06-11,3472,125,64,0,0,197524,5762
KZN,2020-06-12,3573,101,64,0,0,203675,6151
KZN,2020-06-13,3763,190,64,0,0,208950,5275
KZN,2020-06-14,3874,111,69,5,0,215494,6544
KZN,2020-06-15,3959,85,69,0,0,220675,5181
KZN,2020-06-16,4048,89,73,4,0,225204,4529
KZN,2020-06-17,4238,190,73,0,0,231897,6693
KZN,2020-06-18,4360,122,73,0,0,235880,3983
KZN,2020-06-19,4548,188,80,7,0,242091,6211
KZN,2020-06-20,4806,258,83,3,0,248463,6372
KZN,2020-06-21,5030,224,84,1,0,255080,6617
KZN,2020-06-22,5278,248,87,3,0,259904,4824
KZN,2020-06-23,5625,347,91,4,0,265589,5685
KZN,2020-06-24,6075,450,91,0,0,272143,6554
KZN,2020-06-25,6590,515,106,15,0,280425,8282
KZN,2020-06-26,7090,500,106,0,0,286781,6356
KZN,2020-06-27,7786,696,109,3,0,293677,6896
KZN,2020-06-28,8433,647,109,0,0,300990,7313
KZN,2020-06-29,9041,608,115,6,0,306735,5745
KZN,2020-06-30,9674,633,126,11,0,313076,6341
KZN,2020-07-01,10632,958,136,10,0,320169,7093
KZN,2020-07-02,11669,1037,152,16,0,327696,7527
KZN,2020-07-03,12757,1088,162,10,0,335192,7496
KZN,2020-07-04,13984,1227,162,0,0,344205,9013
KZN,2020-07-05,15146,1162,183,21,0,351520,7315
KZN,2020-07-06,15819,673,183,0,0,358041,6521
KZN,2020-07-07,16743,924,205,22,0,366381,8340
KZN,2020-07-08,17962,1219,223,18,0,373462,7081
KZN,2020-07-09,19630,1668,249,26,0,384251,10789
KZN,2020-07-10,21386,1756,260,11,0,395134,10883
KZN,2020-07-11,23753,2367,273,13,0,404995,9861
KZN,2020-07-12,25572,1819,280,7,0,413796,8801
KZN,2020-07-13,27387,1815,286,6,0,421524,7728
KZN,2020-07-14,30587,3200,313,27,0,428845,7321
KZN,2020-07-15,32939,2352,317,4,0,437563,8718
KZN,2020-07-16,35604,2665,358,41,0,446551,8988
KZN,2020-07-17,37722,2118,378,20,0,455795,9244
KZN,2020-07-18,40086,2364,401,23,0,465339,9544
KZN,2020-07-19,43215,3129,416,15,0,474752,9413
KZN,2020-07-20,45614,2399,429,13,0,481263,6511
KZN,2020-07-21,47685,2071,459,30,0,487270,6007
KZN,2020-07-22,50521,2836,477,18,0,496596,9326
KZN,2020-07-23,53406,2885,515,38,0,505553,8957
KZN,2020-07-24,57162,3756,565,50,0,515614,10061
KZN,2020-07-25,60532,3370,602,37,0,524512,8898
KZN,2020-07-26,64061,3529,614,12,0,532765,8253
KZN,2020-07-27,65982,1921,623,9,0,538226,5461
KZN,2020-07-28,68101,2119,685,62,0,543685,5459
KZN,2020-07-29,71240,3139,712,27,0,551853,8168
KZN,2020-07-30,73919,2679,767,55,0,560474,8621
KZN,2020-07-31,76706,2787,803,36,0,568442,7968
KZN,2020-08-01,79607,2901,844,41,0,576595,8153
KZN,2020-08-02,82300,2693,875,31,0,583278,6683
KZN,2020-08-03,84361,2061,887,12,0,587487,4209
KZN,2020-08-04,85986,1625,976,89,0,591234,3747
KZN,2020-08-05,87798,1812,1038,62,0,597954,6720
KZN,2020-08-06,90115,2317,1116,78,0,604987,7033
KZN,2020-08-07,92444,2329,1192,76,0,611489,6502
KZN,2020-08-08,95648,3204,1346,154,0,618520,7031
KZN,2020-08-09,98068,2420,1409,63,0,624343,5823
KZN,2020-08-10,99386,1318,1420,11,0,627591,3248
KZN,2020-08-11,100494,1108,1450,30,0,629797,2206
KZN,2020-08-12,101499,1005,1524,74,0,632958,3161
KZN,2020-08-13,102233,734,1563,39,0,636812,3854
KZN,2020-08-14,103744,1511,1617,54,0,643652,6840
KZN,2020-08-15,104619,875,1651,34,0,648822,5170
KZN,2020-08-16,105383,764,1672,21,0,653165,4343
KZN,2020-08-17,106037,654,1686,14,0,656052,2887
KZN,2020-08-18,106565,528,1743,57,0,658871,2819
KZN,2020-08-19,107271,706,1788,45,0,663735,4864
KZN,2020-08-20,108080,809,1824,36,0,668462,4727
KZN,2020-08-21,108788,708,1905,81,0,673115,4653
KZN,2020-08-22,109332,544,1936,31,0,678985,5870
KZN,2020-08-23,109841,509,1948,12,0,682511,3526
KZN,2020-08-24,110102,261,1962,14,0,684555,2044
KZN,2020-08-25,110521,419,1997,35,0,687392,2837
KZN,2020-08-26,111096,575,2054,57,0,691260,3868
KZN,2020-08-27,111585,489,2102,48,0,694911,3651
KZN,2020-08-28,111863,278,2116,14,0,697663,2752
KZN,2020-08-29,112291,428,2135,19,0,701631,3968
KZN,2020-08-30,112726,435,2138,3,0,705838,4207
KZN,2020-08-31,113006,280,2139,1,0,709458,3620
KZN,2020-09-01,113237,231,2152,13,0,711703,2245
KZN,2020-09-02,113661,424,2164,12,0,715797,4094
KZN,2020-09-03,114034,373,2203,39,0,719711,3914
KZN,2020-09-04,114360,326,2218,15,0,723283,3572
KZN,2020-09-05,114646,286,2263,45,0,726764,3481
KZN,2020-09-06,114824,178,2294,31,0,729908,3144
KZN,2020-09-07,114904,80,2319,25,0,731590,1682
KZN,2020-09-08,115081,177,2346,27,0,733936,2346
KZN,2020-09-09,115372,291,2356,10,0,738111,4175
KZN,2020-09-10,115658,286,2373,17,0,742059,3948
KZN,2020-09-11,115939,281,2392,19,0,746037,3978
KZN,2020-09-12,116167,228,2403,11,0,749613,3576
KZN,2020-09-13,116389,222,2407,4,0,752627,3014
KZN,2020-09-14,116513,124,2409,2,0,754574,1947
KZN,2020-09-15,116674,161,2425,16,0,756803,2229
KZN,2020-09-16,116910,236,2449,24,0,760829,4026
KZN,2020-09-17,117147,237,2469,20,0,765123,4294
KZN,2020-09-18,117360,213,2478,9,0,768975,3852
KZN,2020-09-19,117569,209,2530,52,0,773022,4047
KZN,2020-09-20,117743,174,2531,1,0,776265,3243
KZN,2020-09-21,117833,90,2532,1,0,777452,1187
KZN,2020-09-22,117972,139,2586,54,0,780601,3149
KZN,2020-09-23,118174,202,2604,18,0,784373,3772
KZN,2020-09-24,118350,176,2612,8,0,787908,3535
KZN,2020-09-25,118489,139,2617,5,0,790773,2865
KZN,2020-09-26,118608,119,2621,4,0,792955,2182
KZN,2020-09-27,118731,123,2626,5,0,795841,2886
KZN,2020-09-28,118797,66,2627,1,0,797572,1731
KZN,2020-09-29,118889,92,2638,11,0,799879,2307
KZN,2020-09-30,119072,183,2675,37,0,804378,4499
KZN,2020-10-01,119212,140,2724,49,0,808437,4059
KZN,2020-10-02,119346,134,2732,8,0,812405,3968
KZN,2020-10-03,119489,143,2743,11,0,816593,4188
KZN,2020-10-04,119608,119,2743,0,0,820072,3479
KZN,2020-10-05,119694,86,2743,0,0,822130,2058
KZN,2020-10-06,119769,75,2778,35,0,824933,2803
KZN,2020-10-07,119930,161,2820,42,0,829463,4530
KZN,2020-10-08,120044,114,2925,105,0,833530,4067
LP,2020-03-05,0,0,0,0,0,17,17
LP,2020-03-06,0,0,0,0,0,21,4
LP,2020-03-07,0,0,0,0,0,25,4
LP,2020-03-08,0,0,0,0,0,25,0
LP,2020-03-09,0,0,0,0,0,25,0
LP,2020-03-10,0,0,0,0,0,25,0
LP,2020-03-11,0,0,0,0,0,66,41
LP,2020-03-12,0,0,0,0,0,87,21
LP,2020-03-13,0,0,0,0,0,95,8
LP,2020-03-14,0,0,0,0,0,104,9
LP,2020-03-15,0,0,0,0,0,151,47
LP,2020-03-16,1,1,0,0,0,246,95
LP,2020-03-17,1,0,0,0,0,298,52
LP,2020-03-18,1,0,0,0,0,314,16
LP,2020-03-19,1,0,0,0,0,493,179
LP,2020-03-20,1,0,0,0,0,656,163
LP,2020-03-21,1,0,0,0,0,756,100
LP,2020-03-22,2,1,0,0,0,948,192
LP,2020-03-23,4,2,0,0,0,1304,356
LP,2020-03-24,4,0,0,0,0,1580,276
LP,2020-03-25,4,0,0,0,0,1580,0
LP,2020-03-26,6,2,0,0,0,2083,503
LP,2020-03-27,6,0,0,0,0,2904,821
LP,2020-03-28,11,5,0,0,0,3253,349
LP,2020-03-29,12,1,0,0,0,3622,369
LP,2020-03-30,12,0,0,0,0,3909,287
LP,2020-03-31,14,2,0,0,0,4180,271
LP,2020-04-01,14,0,0,0,0,4508,328
LP,2020-04-02,16,2,0,0,0,4882,374
LP,2020-04-03,16,0,0,0,0,5126,244
LP,2020-04-04,18,2,0,0,0,5490,364
LP,2020-04-05,19,1,0,0,0,5789,299
LP,2020-04-06,19,0,0,0,0,5914,125
LP,2020-04-07,19,0,0,0,0,5914,0
LP,2020-04-08,21,2,0,0,0,6492,578
LP,2020-04-09,22,1,0,0,0,7011,519
LP,2020-04-10,24,2,0,0,0,7434,423
LP,2020-04-11,24,0,0,0,0,7640,206
LP,2020-04-12,24,0,0,0,0,8152,512
LP,2020-04-13,24,0,0,0,0,8516,364
LP,2020-04-14,24,0,0,0,0,8858,342
LP,2020-04-15,25,1,0,0,0,9214,356
LP,2020-04-16,26,1,1,1,0,9677,463
LP,2020-04-17,26,0,1,0,0,10264,587
LP,2020-04-18,26,0,1,0,0,11015,751
LP,2020-04-19,27,1,1,0,0,11678,663
LP,2020-04-20,27,0,1,0,0,12370,692
LP,2020-04-21,27,0,1,0,0,12922,552
LP,2020-04-22,27,0,1,0,0,13618,696
LP,2020-04-23,27,0,1,0,0,14615,997
LP,2020-04-24,29,2,1,0,0,15513,898
LP,2020-04-25,30,1,2,1,0,16390,877
LP,2020-04-26,31,1,2,0,0,17168,778
LP,2020-04-27,31,0,2,0,0,18168,1000
LP,2020-04-28,31,0,2,0,0,18883,715
LP,2020-04-29,31,0,2,0,0,20067,1184
LP,2020-04-30,32,1,2,0,0,21126,1059
LP,2020-05-01,34,2,2,0,0,22143,1017
LP,2020-05-02,36,2,2,0,0,23483,1340
LP,2020-05-03,37,1,2,0,0,25016,1533
LP,2020-05-04,39,2,2,0,0,26216,1200
LP,2020-05-05,40,1,2,0,0,27287,1071
LP,2020-05-06,40,0,3,1,0,28439,1152
LP,2020-05-07,41,1,3,0,0,29739,1300
LP,2020-05-08,43,2,3,0,0,31327,1588
LP,2020-05-09,51,8,3,0,0,32989,1662
LP,2020-05-10,54,3,3,0,0,34746,1757
LP,2020-05-11,54,0,3,0,0,36245,1499
LP,2020-05-12,54,0,3,0,0,37632,1387
LP,2020-05-13,54,0,3,0,0,39327,1695
LP,2020-05-14,55,1,3,0,0,41023,1696
LP,2020-05-15,57,2,3,0,0,42910,1887
LP,2020-05-16,59,2,3,0,0,44743,1833
LP,2020-05-17,77,18,3,0,0,46913,2170
LP,2020-05-18,88,11,3,0,0,48358,1445
LP,2020-05-19,94,6,3,0,0,49736,1378
LP,2020-05-20,94,0,3,0,0,51492,1756
LP,2020-05-21,121,27,3,0,0,53484,1992
LP,2020-05-22,121,0,3,0,0,55275,1791
LP,2020-05-23,124,3,3,0,0,57447,2172
LP,2020-05-24,128,4,3,0,0,59430,1983
LP,2020-05-25,132,4,3,0,0,60745,1315
LP,2020-05-26,132,0,3,0,0,61683,938
LP,2020-05-27,141,9,3,0,0,64635,2952
LP,2020-05-28,144,3,3,0,0,66745,2110
LP,2020-05-29,170,26,3,0,0,69234,2489
LP,2020-05-30,173,3,3,0,0,71444,2210
LP,2020-05-31,177,4,3,0,0,73810,2366
LP,2020-06-01,192,15,3,0,0,75603,1793
LP,2020-06-02,193,1,3,0,0,77516,1913
LP,2020-06-03,200,7,3,0,0,80004,2488
LP,2020-06-04,206,6,3,0,0,83536,3532
LP,2020-06-05,215,9,3,0,0,86610,3074
LP,2020-06-06,216,1,3,0,0,90763,4153
LP,2020-06-07,227,11,3,0,0,93653,2890
LP,2020-06-08,244,17,3,0,0,95994,2341
LP,2020-06-09,253,9,3,0,0,98540,2546
LP,2020-06-10,257,4,3,0,0,101627,3087
LP,2020-06-11,267,10,3,0,0,104681,3054
LP,2020-06-12,288,21,4,1,0,107941,3260
LP,2020-06-13,309,21,4,0,0,110736,2795
LP,2020-06-14,326,17,4,0,0,114204,3468
LP,2020-06-15,362,36,4,0,0,116950,2746
LP,2020-06-16,391,29,4,0,0,119350,2400
LP,2020-06-17,416,25,4,0,0,122897,3547
LP,2020-06-18,489,73,4,0,0,125008,2111
LP,2020-06-19,503,14,4,0,0,128299,3291
LP,2020-06-20,521,18,4,0,0,131676,3377
LP,2020-06-21,564,43,4,0,0,135183,3507
LP,2020-06-22,582,18,5,1,0,137740,2557
LP,2020-06-23,622,40,5,0,0,140753,3013
LP,2020-06-24,670,48,5,0,0,144226,3473
LP,2020-06-25,730,60,5,0,0,148615,4389
LP,2020-06-26,798,68,5,0,0,151983,3368
LP,2020-06-27,862,64,5,0,0,155638,3655
LP,2020-06-28,935,73,5,0,0,159514,3876
LP,2020-06-29,1011,76,10,5,0,162559,3045
LP,2020-06-30,1131,120,10,0,0,165919,3360
LP,2020-07-01,1175,44,10,0,0,169678,3759
LP,2020-07-02,1286,111,10,0,0,173667,3989
LP,2020-07-03,1408,122,10,0,0,177639,3972
LP,2020-07-04,1559,151,10,0,0,182415,4776
LP,2020-07-05,1706,147,10,0,0,186291,3876
LP,2020-07-06,1785,79,27,17,0,189747,3456
LP,2020-07-07,1950,165,33,6,0,194167,4420
LP,2020-07-08,2131,181,33,0,0,197920,3753
LP,2020-07-09,2381,250,33,0,0,203637,5717
LP,2020-07-10,2579,198,33,0,0,209405,5768
LP,2020-07-11,2835,256,33,0,0,214631,5226
LP,2020-07-12,3014,179,33,0,0,219295,4664
LP,2020-07-13,3316,302,33,0,0,223390,4095
LP,2020-07-14,3458,142,33,0,0,227270,3880
LP,2020-07-15,3645,187,33,0,0,231890,4620
LP,2020-07-16,3883,238,33,0,0,236653,4763
LP,2020-07-17,4160,277,33,0,0,241552,4899
LP,2020-07-18,4490,330,33,0,0,246610,5058
LP,2020-07-19,4928,438,33,0,0,251598,4988
LP,2020-07-20,5156,228,33,0,0,255049,3451
LP,2020-07-21,5355,199,33,0,0,258232,3183
LP,2020-07-22,5712,357,33,0,0,263174,4942
LP,2020-07-23,6068,356,33,0,0,267921,4747
LP,2020-07-24,6394,326,33,0,0,273253,5332
LP,2020-07-25,6732,338,33,0,0,277968,4715
LP,2020-07-26,7076,344,67,34,0,282341,4373
LP,2020-07-27,7260,184,67,0,0,285235,2894
LP,2020-07-28,7502,242,67,0,0,288128,2893
LP,2020-07-29,7840,338,67,0,0,292457,4329
LP,2020-07-30,8240,400,67,0,0,297026,4569
LP,2020-07-31,8565,325,67,0,0,301249,4223
LP,2020-08-01,8879,314,67,0,0,305570,4321
LP,2020-08-02,9044,165,90,23,0,309112,3542
LP,2020-08-03,9204,160,90,0,0,311343,2231
LP,2020-08-04,9389,185,90,0,0,313329,1986
LP,2020-08-05,9625,236,90,0,0,316890,3561
LP,2020-08-06,9873,248,90,0,0,320617,3727
LP,2020-08-07,10138,265,90,0,0,324063,3446
LP,2020-08-08,10345,207,127,37,0,327789,3726
LP,2020-08-09,10546,201,127,0,0,330875,3086
LP,2020-08-10,10711,165,127,0,0,332596,1721
LP,2020-08-11,10807,96,127,0,0,333765,1169
LP,2020-08-12,10875,68,127,0,0,335440,1675
LP,2020-08-13,11019,144,141,14,0,337482,2042
LP,2020-08-14,11214,195,141,0,0,341107,3625
LP,2020-08-15,11445,231,159,18,0,343847,2740
LP,2020-08-16,11573,128,159,0,0,346148,2301
LP,2020-08-17,11757,184,159,0,0,347678,1530
LP,2020-08-18,11813,56,159,0,0,349172,1494
LP,2020-08-19,11944,131,159,0,0,351750,2578
LP,2020-08-20,12086,142,171,12,0,354255,2505
LP,2020-08-21,12281,195,171,0,0,356721,2466
LP,2020-08-22,12389,108,171,0,0,359832,3111
LP,2020-08-23,12563,174,171,0,0,361701,1869
LP,2020-08-24,12643,80,179,8,0,362784,1083
LP,2020-08-25,12703,60,179,0,0,364288,1504
LP,2020-08-26,12795,92,179,0,0,366338,2050
LP,2020-08-27,12867,72,179,0,0,368273,1935
LP,2020-08-28,12960,93,179,0,0,369732,1459
LP,2020-08-29,13039,79,179,0,0,371835,2103
LP,2020-08-30,13167,128,179,0,0,374064,2229
LP,2020-08-31,13265,98,202,23,0,375983,1919
LP,2020-09-01,13301,36,202,0,0,377173,1190
LP,2020-09-02,13400,99,202,0,0,379342,2169
LP,2020-09-03,13488,88,202,0,0,381416,2074
LP,2020-09-04,13596,108,214,12,0,383309,1893
LP,2020-09-05,13665,69,214,0,0,385154,1845
LP,2020-09-06,13734,69,214,0,0,386820,1666
LP,2020-09-07,13769,35,257,43,0,387712,892
LP,2020-09-08,13797,28,257,0,0,388955,1243
LP,2020-09-09,13900,103,257,0,0,391167,2212
LP,2020-09-10,13979,79,258,1,0,393259,2092
LP,2020-09-11,14059,80,258,0,0,395367,2108
LP,2020-09-12,14113,54,258,0,0,397262,1895
LP,2020-09-13,14183,70,258,0,0,398859,1597
LP,2020-09-14,14216,33,258,0,0,399891,1032
LP,2020-09-15,14263,47,325,67,0,401072,1181
LP,2020-09-16,14364,101,325,0,0,403206,2134
LP,2020-09-17,14444,80,344,19,0,405481,2275
LP,2020-09-18,14557,113,344,0,0,407523,2042
LP,2020-09-19,14658,101,362,18,0,409668,2145
LP,2020-09-20,14703,45,362,0,0,411387,1719
LP,2020-09-21,14721,18,362,0,0,412016,629
LP,2020-09-22,14777,56,362,0,0,413685,1669
LP,2020-09-23,14906,129,384,22,0,415684,1999
LP,2020-09-24,15003,97,384,0,0,417557,1873
LP,2020-09-25,15139,136,386,2,0,419075,1518
LP,2020-09-26,15191,52,386,0,0,420231,1156
LP,2020-09-27,15270,79,386,0,0,421761,1530
LP,2020-09-28,15309,39,386,0,0,422679,918
LP,2020-09-29,15343,34,391,5,0,423902,1223
LP,2020-09-30,15427,84,391,0,0,426286,2384
LP,2020-10-01,15521,94,391,0,0,428437,2151
LP,2020-10-02,15642,121,391,0,0,430540,2103
LP,2020-10-03,15726,84,391,0,0,432759,2219
LP,2020-10-04,15803,77,391,0,0,434603,1844
LP,2020-10-05,15837,34,391,0,0,435694,1091
LP,2020-10-06,15880,43,391,0,0,437179,1485
LP,2020-10-07,15950,70,415,24,0,439579,2400
LP,2020-10-08,16054,104,421,6,0,441734,2155
MP,2020-03-05,0,0,0,0,0,13,13
MP,2020-03-06,0,0,0,0,0,16,3
MP,2020-03-07,0,0,0,0,0,19,3
MP,2020-03-08,0,0,0,0,0,19,0
MP,2020-03-09,0,0,0,0,0,19,0
MP,2020-03-10,0,0,0,0,0,19,0
MP,2020-03-11,0,0,0,0,0,51,32
MP,2020-03-12,1,1,0,0,0,67,16
MP,2020-03-13,1,0,0,0,0,73,6
MP,2020-03-14,1,0,0,0,0,80,7
MP,2020-03-15,1,0,0,0,0,116,36
MP,2020-03-16,2,1,0,0,0,189,73
MP,2020-03-17,2,0,0,0,0,229,40
MP,2020-03-18,4,2,0,0,0,241,12
MP,2020-03-19,5,1,0,0,0,379,138
MP,2020-03-20,5,0,0,0,0,504,125
MP,2020-03-21,5,0,0,0,0,581,77
MP,2020-03-22,5,0,0,0,0,729,148
MP,2020-03-23,9,4,0,0,0,1002,273
MP,2020-03-24,9,0,0,0,0,1214,212
MP,2020-03-25,9,0,0,0,0,1214,0
MP,2020-03-26,9,0,0,0,0,1600,386
MP,2020-03-27,9,0,0,0,0,2230,630
MP,2020-03-28,10,1,0,0,0,2498,268
MP,2020-03-29,11,1,0,0,0,2782,284
MP,2020-03-30,11,0,0,0,0,3002,220
MP,2020-03-31,12,1,0,0,0,3210,208
MP,2020-04-01,12,0,0,0,0,3462,252
MP,2020-04-02,13,1,0,0,0,3749,287
MP,2020-04-03,13,0,0,0,0,3936,187
MP,2020-04-04,18,5,0,0,0,4215,279
MP,2020-04-05,18,0,0,0,0,4444,229
MP,2020-04-06,18,0,0,0,0,4540,96
MP,2020-04-07,18,0,0,0,0,4540,0
MP,2020-04-08,21,3,0,0,0,4984,444
MP,2020-04-09,21,0,0,0,0,5382,398
MP,2020-04-10,21,0,0,0,0,5707,325
MP,2020-04-11,21,0,0,0,0,5865,158
MP,2020-04-12,21,0,0,0,0,6258,393
MP,2020-04-13,22,1,0,0,0,6538,280
MP,2020-04-14,22,0,0,0,0,6800,262
MP,2020-04-15,22,0,0,0,0,7073,273
MP,2020-04-16,22,0,0,0,0,7428,355
MP,2020-04-17,23,1,0,0,0,7879,451
MP,2020-04-18,25,2,0,0,0,8455,576
MP,2020-04-19,25,0,0,0,0,8964,509
MP,2020-04-20,25,0,0,0,0,9495,531
MP,2020-04-21,25,0,0,0,0,9919,424
MP,2020-04-22,25,0,0,0,0,10453,534
MP,2020-04-23,25,0,0,0,0,11218,765
MP,2020-04-24,25,0,0,0,0,11907,689
MP,2020-04-25,25,0,0,0,0,12580,673
MP,2020-04-26,25,0,0,0,0,13177,597
MP,2020-04-27,26,1,0,0,0,13945,768
MP,2020-04-28,26,0,0,0,0,14494,549
MP,2020-04-29,31,5,0,0,0,15403,909
MP,2020-04-30,36,5,0,0,0,16216,813
MP,2020-05-01,36,0,0,0,0,16997,781
MP,2020-05-02,40,4,0,0,0,18026,1029
MP,2020-05-03,46,6,0,0,0,19203,1177
MP,2020-05-04,53,7,0,0,0,20124,921
MP,2020-05-05,57,4,0,0,0,20946,822
MP,2020-05-06,57,0,0,0,0,21830,884
MP,2020-05-07,59,2,0,0,0,22828,998
MP,2020-05-08,60,1,0,0,0,24047,1219
MP,2020-05-09,61,1,0,0,0,25323,1276
MP,2020-05-10,61,0,0,0,0,26671,1348
MP,2020-05-11,63,2,0,0,0,27822,1151
MP,2020-05-12,63,0,0,0,0,28887,1065
MP,2020-05-13,66,3,0,0,0,30188,1301
MP,2020-05-14,67,1,0,0,0,31490,1302
MP,2020-05-15,67,0,0,0,0,32938,1448
MP,2020-05-16,68,1,0,0,0,34345,1407
MP,2020-05-17,71,3,0,0,0,36010,1665
MP,2020-05-18,76,5,0,0,0,37119,1109
MP,2020-05-19,78,2,0,0,0,38177,1058
MP,2020-05-20,93,15,0,0,0,39525,1348
MP,2020-05-21,95,2,0,0,0,41054,1529
MP,2020-05-22,98,3,0,0,0,42429,1375
MP,2020-05-23,98,0,0,0,0,44096,1667
MP,2020-05-24,101,3,0,0,0,45618,1522
MP,2020-05-25,103,2,0,0,0,46628,1010
MP,2020-05-26,103,0,0,0,0,47348,720
MP,2020-05-27,106,3,0,0,0,49614,2266
MP,2020-05-28,111,5,0,0,0,51233,1619
MP,2020-05-29,112,1,0,0,0,53143,1910
MP,2020-05-30,113,1,0,0,0,54839,1696
MP,2020-05-31,121,8,0,0,0,56655,1816
MP,2020-06-01,131,10,0,0,0,58031,1376
MP,2020-06-02,132,1,0,0,0,59499,1468
MP,2020-06-03,137,5,0,0,0,61409,1910
MP,2020-06-04,144,7,0,0,0,64120,2711
MP,2020-06-05,169,25,0,0,0,66479,2359
MP,2020-06-06,181,12,0,0,0,69667,3188
MP,2020-06-07,189,8,1,1,0,71886,2219
MP,2020-06-08,189,0,1,0,0,73683,1797
MP,2020-06-09,189,0,1,0,0,75637,1954
MP,2020-06-10,207,18,1,0,0,78007,2370
MP,2020-06-11,228,21,1,0,0,80351,2344
MP,2020-06-12,243,15,1,0,0,82853,2502
MP,2020-06-13,271,28,1,0,0,84999,2146
MP,2020-06-14,297,26,1,0,0,87661,2662
MP,2020-06-15,322,25,1,0,0,89769,2108
MP,2020-06-16,343,21,1,0,0,91611,1842
MP,2020-06-17,391,48,1,0,0,94334,2723
MP,2020-06-18,461,70,1,0,0,95954,1620
MP,2020-06-19,505,44,1,0,0,98480,2526
MP,2020-06-20,544,39,1,0,0,101072,2592
MP,2020-06-21,573,29,1,0,0,103764,2692
MP,2020-06-22,596,23,1,0,0,105726,1962
MP,2020-06-23,662,66,2,1,0,108038,2312
MP,2020-06-24,713,51,2,0,0,110704,2666
MP,2020-06-25,783,70,2,0,0,114073,3369
MP,2020-06-26,855,72,2,0,0,116659,2586
MP,2020-06-27,925,70,2,0,0,119464,2805
MP,2020-06-28,1015,90,2,0,0,122439,2975
MP,2020-06-29,1089,74,3,1,0,124776,2337
MP,2020-06-30,1190,101,7,4,0,127355,2579
MP,2020-07-01,1306,116,7,0,0,130240,2885
MP,2020-07-02,1478,172,7,0,0,133302,3062
MP,2020-07-03,1611,133,7,0,0,136351,3049
MP,2020-07-04,1818,207,7,0,0,140017,3666
MP,2020-07-05,1965,147,7,0,0,142992,2975
MP,2020-07-06,2173,208,7,0,0,145645,2653
MP,2020-07-07,2353,180,7,0,0,149038,3393
MP,2020-07-08,2528,175,22,15,0,151918,2880
MP,2020-07-09,2902,374,22,0,0,156307,4389
MP,2020-07-10,3273,371,22,0,0,160734,4427
MP,2020-07-11,3621,348,22,0,0,164745,4011
MP,2020-07-12,3977,356,22,0,0,168325,3580
MP,2020-07-13,4299,322,33,11,0,171468,3143
MP,2020-07-14,4576,277,33,0,0,174446,2978
MP,2020-07-15,5051,475,33,0,0,177992,3546
MP,2020-07-16,5572,521,40,7,0,181648,3656
MP,2020-07-17,6073,501,44,4,0,185408,3760
MP,2020-07-18,6644,571,44,0,0,189290,3882
MP,2020-07-19,7129,485,44,0,0,193119,3829
MP,2020-07-20,7424,295,52,8,0,195768,2649
MP,2020-07-21,7664,240,52,0,0,198212,2444
MP,2020-07-22,8286,622,52,0,0,202006,3794
MP,2020-07-23,8987,701,52,0,0,205649,3643
MP,2020-07-24,9756,769,52,0,0,209742,4093
MP,2020-07-25,10417,661,52,0,0,213361,3619
MP,2020-07-26,11008,591,52,0,0,216718,3357
MP,2020-07-27,11386,378,65,13,0,218940,2222
MP,2020-07-28,11552,166,65,0,0,221161,2221
MP,2020-07-29,12442,890,65,0,0,224484,3323
MP,2020-07-30,13280,838,65,0,0,227991,3507
MP,2020-07-31,14101,821,78,13,0,231232,3241
MP,2020-08-01,14681,580,78,0,0,234549,3317
MP,2020-08-02,15120,439,78,0,0,237268,2719
MP,2020-08-03,15395,275,123,45,0,238980,1712
MP,2020-08-04,15716,321,123,0,0,240504,1524
MP,2020-08-05,17135,1419,139,16,0,243238,2734
MP,2020-08-06,17803,668,139,0,0,246099,2861
MP,2020-08-07,18266,463,139,0,0,248744,2645
MP,2020-08-08,18734,468,139,0,0,251604,2860
MP,2020-08-09,19239,505,139,0,0,253973,2369
MP,2020-08-10,19455,216,149,10,0,255294,1321
MP,2020-08-11,19533,78,149,0,0,256191,897
MP,2020-08-12,19755,222,149,0,0,257477,1286
MP,2020-08-13,20111,356,167,18,0,259045,1568
MP,2020-08-14,20554,443,189,22,0,261828,2783
MP,2020-08-15,20915,361,189,0,0,263931,2103
MP,2020-08-16,21289,374,189,0,0,265697,1766
MP,2020-08-17,21474,185,214,25,0,266871,1174
MP,2020-08-18,21717,243,214,0,0,268018,1147
MP,2020-08-19,22067,350,214,0,0,269997,1979
MP,2020-08-20,22459,392,214,0,0,271920,1923
MP,2020-08-21,22701,242,214,0,0,273813,1893
MP,2020-08-22,22902,201,260,46,0,276201,2388
MP,2020-08-23,23100,198,260,0,0,277635,1434
MP,2020-08-24,23163,63,296,36,0,278466,831
MP,2020-08-25,23336,173,312,16,0,279620,1154
MP,2020-08-26,23555,219,312,0,0,281193,1573
MP,2020-08-27,23677,122,312,0,0,282678,1485
MP,2020-08-28,23765,88,330,18,0,283798,1120
MP,2020-08-29,23946,181,330,0,0,285412,1614
MP,2020-08-30,24132,186,341,11,0,287123,1711
MP,2020-08-31,24405,273,341,0,0,288596,1473
MP,2020-09-01,24470,65,351,10,0,289509,913
MP,2020-09-02,24605,135,351,0,0,291174,1665
MP,2020-09-03,24746,141,378,27,0,292766,1592
MP,2020-09-04,24836,90,378,0,0,294219,1453
MP,2020-09-05,24976,140,378,0,0,295635,1416
MP,2020-09-06,25076,100,416,38,0,296914,1279
MP,2020-09-07,25125,49,416,0,0,297598,684
MP,2020-09-08,25198,73,416,0,0,298552,954
MP,2020-09-09,25311,113,416,0,0,300250,1698
MP,2020-09-10,25425,114,442,26,0,301856,1606
MP,2020-09-11,25540,115,466,24,0,303474,1618
MP,2020-09-12,25680,140,466,0,0,304929,1455
MP,2020-09-13,25750,70,466,0,0,306155,1226
MP,2020-09-14,25825,75,466,0,0,306947,792
MP,2020-09-15,25860,35,485,19,0,307854,907
MP,2020-09-16,25986,126,496,11,0,309492,1638
MP,2020-09-17,26104,118,496,0,0,311239,1747
MP,2020-09-18,26262,158,496,0,0,312806,1567
MP,2020-09-19,26389,127,496,0,0,314452,1646
MP,2020-09-20,26479,90,496,0,0,315771,1319
MP,2020-09-21,26525,46,496,0,0,316254,483
MP,2020-09-22,26612,87,496,0,0,317535,1281
MP,2020-09-23,26712,100,509,13,0,319070,1535
MP,2020-09-24,26842,130,509,0,0,320508,1438
MP,2020-09-25,26914,72,509,0,0,321673,1165
MP,2020-09-26,26934,20,520,11,0,322560,887
MP,2020-09-27,27021,87,520,0,0,323734,1174
MP,2020-09-28,27069,48,520,0,0,324438,704
MP,2020-09-29,27163,94,520,0,0,325376,938
MP,2020-09-30,27267,104,520,0,0,327206,1830
MP,2020-10-01,27376,109,561,41,0,328857,1651
MP,2020-10-02,27441,65,561,0,0,330471,1614
MP,2020-10-03,27525,84,561,0,0,332175,1704
MP,2020-10-04,27591,66,561,0,0,333590,1415
MP,2020-10-05,27625,34,566,5,0,334427,837
MP,2020-10-06,27718,93,566,0,0,335567,1140
MP,2020-10-07,27800,82,577,11,0,337410,1843
MP,2020-10-08,27925,125,581,4,0,339064,1654
NC,2020-03-05,0,0,0,0,0,4,4
NC,2020-03-06,0,0,0,0,0,5,1
NC,2020-03-07,0,0,0,0,0,6,1
NC,2020-03-08,0,0,0,0,0,6,0
NC,2020-03-09,0,0,0,0,0,6,0
NC,2020-03-10,0,0,0,0,0,6,0
NC,2020-03-11,0,0,0,0,0,15,9
NC,2020-03-12,0,0,0,0,0,19,4
NC,2020-03-13,0,0,0,0,0,21,2
NC,2020-03-14,0,0,0,0,0,23,2
NC,2020-03-15,0,0,0,0,0,33,10
NC,2020-03-16,0,0,0,0,0,53,20
NC,2020-03-17,0,0,0,0,0,64,11
NC,2020-03-18,0,0,0,0,0,67,3
NC,2020-03-19,0,0,0,0,0,105,38
NC,2020-03-20,0,0,0,0,0,140,35
NC,2020-03-21,0,0,0,0,0,161,21
NC,2020-03-22,0,0,0,0,0,202,41
NC,2020-03-23,2,2,0,0,0,277,75
NC,2020-03-24,2,0,0,0,0,335,58
NC,2020-03-25,2,0,0,0,0,335,0
NC,2020-03-26,2,0,0,0,0,441,106
NC,2020-03-27,2,0,0,0,0,614,173
NC,2020-03-28,5,3,0,0,0,688,74
NC,2020-03-29,6,1,0,0,0,766,78
NC,2020-03-30,6,0,0,0,0,827,61
NC,2020-03-31,6,0,0,0,0,884,57
NC,2020-04-01,7,1,0,0,0,953,69
NC,2020-04-02,7,0,0,0,0,1032,79
NC,2020-04-03,7,0,0,0,0,1084,52
NC,2020-04-04,7,0,0,0,0,1161,77
NC,2020-04-05,8,1,0,0,0,1224,63
NC,2020-04-06,8,0,0,0,0,1250,26
NC,2020-04-07,8,0,0,0,0,1250,0
NC,2020-04-08,13,5,0,0,0,1372,122
NC,2020-04-09,15,2,0,0,0,1482,110
NC,2020-04-10,15,0,0,0,0,1571,89
NC,2020-04-11,16,1,0,0,0,1615,44
NC,2020-04-12,16,0,0,0,0,1723,108
NC,2020-04-13,16,0,0,0,0,1800,77
NC,2020-04-14,16,0,0,0,0,1872,72
NC,2020-04-15,16,0,0,0,0,1947,75
NC,2020-04-16,16,0,0,0,0,2045,98
NC,2020-04-17,16,0,0,0,0,2169,124
NC,2020-04-18,16,0,0,0,0,2328,159
NC,2020-04-19,16,0,0,0,0,2468,140
NC,2020-04-20,16,0,0,0,0,2614,146
NC,2020-04-21,16,0,0,0,0,2731,117
NC,2020-04-22,16,0,0,0,0,2878,147
NC,2020-04-23,16,0,0,0,0,3089,211
NC,2020-04-24,16,0,0,0,0,3279,190
NC,2020-04-25,16,0,0,0,0,3464,185
NC,2020-04-26,17,1,0,0,0,3628,164
NC,2020-04-27,17,0,0,0,0,3839,211
NC,2020-04-28,17,0,0,0,0,3990,151
NC,2020-04-29,17,0,0,0,0,4240,250
NC,2020-04-30,17,0,0,0,0,4464,224
NC,2020-05-01,18,1,0,0,0,4679,215
NC,2020-05-02,23,5,0,0,0,4962,283
NC,2020-05-03,24,1,0,0,0,5286,324
NC,2020-05-04,25,1,0,0,0,5540,254
NC,2020-05-05,26,1,0,0,0,5766,226
NC,2020-05-06,26,0,0,0,0,6009,243
NC,2020-05-07,27,1,0,0,0,6284,275
NC,2020-05-08,27,0,0,0,0,6619,335
NC,2020-05-09,28,1,0,0,0,6970,351
NC,2020-05-10,29,1,0,0,0,7341,371
NC,2020-05-11,30,1,0,0,0,7658,317
NC,2020-05-12,30,0,0,0,0,7951,293
NC,2020-05-13,30,0,0,0,0,8309,358
NC,2020-05-14,31,1,0,0,0,8667,358
NC,2020-05-15,34,3,0,0,0,9066,399
NC,2020-05-16,35,1,0,0,0,9453,387
NC,2020-05-17,37,2,0,0,0,9911,458
NC,2020-05-18,37,0,0,0,0,10216,305
NC,2020-05-19,37,0,1,1,0,10507,291
NC,2020-05-20,37,0,1,0,0,10878,371
NC,2020-05-21,37,0,1,0,0,11299,421
NC,2020-05-22,39,2,1,0,0,11677,378
NC,2020-05-23,40,1,1,0,0,12136,459
NC,2020-05-24,40,0,1,0,0,12555,419
NC,2020-05-25,45,5,1,0,0,12833,278
NC,2020-05-26,45,0,1,0,0,13031,198
NC,2020-05-27,48,3,1,0,0,13655,624
NC,2020-05-28,51,3,1,0,0,14101,446
NC,2020-05-29,52,1,1,0,0,14627,526
NC,2020-05-30,57,5,1,0,0,15094,467
NC,2020-05-31,69,12,1,0,0,15594,500
NC,2020-06-01,82,13,1,0,0,15973,379
NC,2020-06-02,91,9,1,0,0,16377,404
NC,2020-06-03,93,2,1,0,0,16903,526
NC,2020-06-04,95,2,1,0,0,17649,746
NC,2020-06-05,102,7,1,0,0,18298,649
NC,2020-06-06,105,3,1,0,0,19175,877
NC,2020-06-07,114,9,1,0,0,19786,611
NC,2020-06-08,118,4,1,0,0,20280,494
NC,2020-06-09,122,4,1,0,0,20818,538
NC,2020-06-10,125,3,1,0,0,21470,652
NC,2020-06-11,132,7,1,0,0,22115,645
NC,2020-06-12,138,6,1,0,0,22804,689
NC,2020-06-13,144,6,1,0,0,23395,591
NC,2020-06-14,156,12,1,0,0,24128,733
NC,2020-06-15,205,49,1,0,0,24708,580
NC,2020-06-16,211,6,1,0,0,25215,507
NC,2020-06-17,211,0,1,0,0,25964,749
NC,2020-06-18,214,3,1,0,0,26410,446
NC,2020-06-19,218,4,1,0,0,27105,695
NC,2020-06-20,232,14,1,0,0,27818,713
NC,2020-06-21,237,5,1,0,0,28559,741
NC,2020-06-22,254,17,1,0,0,29099,540
NC,2020-06-23,270,16,1,0,0,29735,636
NC,2020-06-24,299,29,1,0,0,30469,734
NC,2020-06-25,318,19,1,0,0,31396,927
NC,2020-06-26,337,19,1,0,0,32108,712
NC,2020-06-27,355,18,1,0,0,32880,772
NC,2020-06-28,385,30,1,0,0,33699,819
NC,2020-06-29,404,19,1,0,0,34342,643
NC,2020-06-30,465,61,1,0,0,35052,710
NC,2020-07-01,494,29,1,0,0,35846,794
NC,2020-07-02,573,79,1,0,0,36689,843
NC,2020-07-03,626,53,4,3,0,37528,839
NC,2020-07-04,686,60,4,0,0,38537,1009
NC,2020-07-05,734,48,6,2,0,39356,819
NC,2020-07-06,820,86,6,0,0,40086,730
NC,2020-07-07,888,68,6,0,0,41020,934
NC,2020-07-08,974,86,6,0,0,41813,793
NC,2020-07-09,1039,65,7,1,0,43021,1208
NC,2020-07-10,1168,129,7,0,0,44239,1218
NC,2020-07-11,1266,98,11,4,0,45343,1104
NC,2020-07-12,1401,135,11,0,0,46328,985
NC,2020-07-13,1522,121,11,0,0,47193,865
NC,2020-07-14,1579,57,15,4,0,48013,820
NC,2020-07-15,1667,88,15,0,0,48989,976
NC,2020-07-16,1831,164,15,0,0,49995,1006
NC,2020-07-17,2044,213,15,0,0,51030,1035
NC,2020-07-18,2197,153,15,0,0,52098,1068
NC,2020-07-19,2266,69,15,0,0,53152,1054
NC,2020-07-20,2351,85,15,0,0,53881,729
NC,2020-07-21,2539,188,15,0,0,54554,673
NC,2020-07-22,2727,188,15,0,0,55598,1044
NC,2020-07-23,2970,243,23,8,0,56601,1003
NC,2020-07-24,3175,205,23,0,0,57727,1126
NC,2020-07-25,3389,214,27,4,0,58723,996
NC,2020-07-26,3600,211,29,2,0,59647,924
NC,2020-07-27,3875,275,29,0,0,60258,611
NC,2020-07-28,3997,122,29,0,0,60869,611
NC,2020-07-29,4135,138,29,0,0,61784,915
NC,2020-07-30,4402,267,29,0,0,62749,965
NC,2020-07-31,4741,339,29,0,0,63641,892
NC,2020-08-01,4961,220,36,7,0,64554,913
NC,2020-08-02,5131,170,36,0,0,65302,748
NC,2020-08-03,5302,171,36,0,0,65773,471
NC,2020-08-04,5379,77,36,0,0,66192,419
NC,2020-08-05,5638,259,36,0,0,66944,752
NC,2020-08-06,5932,294,54,18,0,67731,787
NC,2020-08-07,6185,253,61,7,0,68459,728
NC,2020-08-08,6366,181,66,5,0,69246,787
NC,2020-08-09,6621,255,66,0,0,69898,652
NC,2020-08-10,6802,181,68,2,0,70262,364
NC,2020-08-11,6861,59,68,0,0,70509,247
NC,2020-08-12,6957,96,68,0,0,70863,354
NC,2020-08-13,7122,165,76,8,0,71294,431
NC,2020-08-14,7443,321,94,18,0,72060,766
NC,2020-08-15,7735,292,94,0,0,72639,579
NC,2020-08-16,7840,105,94,0,0,73125,486
NC,2020-08-17,8021,181,97,3,0,73448,323
NC,2020-08-18,8129,108,100,3,0,73764,316
NC,2020-08-19,8341,212,100,0,0,74309,545
NC,2020-08-20,8575,234,100,0,0,74838,529
NC,2020-08-21,8818,243,106,6,0,75359,521
NC,2020-08-22,8996,178,106,0,0,76016,657
NC,2020-08-23,9129,133,106,0,0,76411,395
NC,2020-08-24,9322,193,106,0,0,76640,229
NC,2020-08-25,9375,53,116,10,0,76958,318
NC,2020-08-26,9500,125,120,4,0,77391,433
NC,2020-08-27,9829,329,120,0,0,77800,409
NC,2020-08-28,10043,214,120,0,0,78108,308
NC,2020-08-29,10284,241,120,0,0,78552,444
NC,2020-08-30,10568,284,120,0,0,79023,471
NC,2020-08-31,10726,158,129,9,0,79428,405
NC,2020-09-01,10837,111,129,0,0,79679,251
NC,2020-09-02,11020,183,134,5,0,80137,458
NC,2020-09-03,11313,293,134,0,0,80575,438
NC,2020-09-04,11521,208,145,11,0,80975,400
NC,2020-09-05,11718,197,145,0,0,81365,390
NC,2020-09-06,11923,205,145,0,0,81717,352
NC,2020-09-07,12085,162,145,0,0,81905,188
NC,2020-09-08,12222,137,150,5,0,82168,263
NC,2020-09-09,12407,185,150,0,0,82635,467
NC,2020-09-10,12630,223,150,0,0,83077,442
NC,2020-09-11,12919,289,165,15,0,83522,445
NC,2020-09-12,13123,204,165,0,0,83922,400
NC,2020-09-13,13391,268,165,0,0,84259,337
NC,2020-09-14,13564,173,165,0,0,84477,218
NC,2020-09-15,13616,52,176,11,0,84727,250
NC,2020-09-16,13727,111,182,6,0,85178,451
NC,2020-09-17,14003,276,182,0,0,85659,481
NC,2020-09-18,14376,373,184,2,0,86090,431
NC,2020-09-19,14731,355,184,0,0,86543,453
NC,2020-09-20,15037,306,184,0,0,86906,363
NC,2020-09-21,15163,126,184,0,0,87039,133
NC,2020-09-22,15280,117,189,5,0,87392,353
NC,2020-09-23,15560,280,189,0,0,87814,422
NC,2020-09-24,15745,185,189,0,0,88210,396
NC,2020-09-25,15946,201,197,8,0,88531,321
NC,2020-09-26,16065,119,197,0,0,88775,244
NC,2020-09-27,16243,178,197,0,0,89098,323
NC,2020-09-28,16397,154,197,0,0,89292,194
NC,2020-09-29,16469,72,207,10,0,89550,258
NC,2020-09-30,16661,192,207,0,0,90054,504
NC,2020-10-01,16893,232,214,7,0,90508,454
NC,2020-10-02,17121,228,221,7,0,90952,444
NC,2020-10-03,17412,291,221,0,0,91421,469
NC,2020-10-04,17746,334,221,0,0,91810,389
NC,2020-10-05,17876,130,221,0,0,92040,230
NC,2020-10-06,18000,124,221,0,0,92354,314
NC,2020-10-07,18207,207,228,7,0,92861,507
NC,2020-10-08,18388,181,228,0,0,93316,455
NW,2020-03-05,0,0,0,0,0,11,11
NW,2020-03-06,0,0,0,0,0,13,2
NW,2020-03-07,0,0,0,0,0,16,3
NW,2020-03-08,0,0,0,0,0,16,0
NW,2020-03-09,0,0,0,0,0,16,0
NW,2020-03-10,0,0,0,0,0,16,0
NW,2020-03-11,0,0,0,0,0,44,28
NW,2020-03-12,0,0,0,0,0,58,14
NW,2020-03-13,0,0,0,0,0,63,5
NW,2020-03-14,0,0,0,0,0,69,6
NW,2020-03-15,0,0,0,0,0,100,31
NW,2020-03-16,0,0,0,0,0,164,64
NW,2020-03-17,0,0,0,0,0,199,35
NW,2020-03-18,0,0,0,0,0,210,11
NW,2020-03-19,0,0,0,0,0,331,121
NW,2020-03-20,0,0,0,0,0,441,110
NW,2020-03-21,0,0,0,0,0,509,68
NW,2020-03-22,0,0,0,0,0,638,129
NW,2020-03-23,4,4,0,0,0,878,240
NW,2020-03-24,5,1,0,0,0,1064,186
NW,2020-03-25,5,0,0,0,0,1064,0
NW,2020-03-26,5,0,0,0,0,1403,339
NW,2020-03-27,5,0,0,0,0,1956,553
NW,2020-03-28,6,1,0,0,0,2191,235
NW,2020-03-29,6,0,0,0,0,2440,249
NW,2020-03-30,8,2,0,0,0,2633,193
NW,2020-03-31,8,0,0,0,0,2815,182
NW,2020-04-01,9,1,0,0,0,3036,221
NW,2020-04-02,9,0,0,0,0,3288,252
NW,2020-04-03,9,0,0,0,0,3452,164
NW,2020-04-04,11,2,0,0,0,3697,245
NW,2020-04-05,11,0,0,0,0,3898,201
NW,2020-04-06,11,0,0,0,0,3982,84
NW,2020-04-07,11,0,0,0,0,3982,0
NW,2020-04-08,15,4,0,0,0,4371,389
NW,2020-04-09,15,0,0,0,0,4720,349
NW,2020-04-10,18,3,0,0,0,5005,285
NW,2020-04-11,19,1,0,0,0,5144,139
NW,2020-04-12,19,0,0,0,0,5489,345
NW,2020-04-13,22,3,0,0,0,5734,245
NW,2020-04-14,22,0,0,0,0,5964,230
NW,2020-04-15,23,1,0,0,0,6203,239
NW,2020-04-16,24,1,0,0,0,6514,311
NW,2020-04-17,24,0,0,0,0,6909,395
NW,2020-04-18,24,0,0,0,0,7414,505
NW,2020-04-19,24,0,0,0,0,7860,446
NW,2020-04-20,24,0,0,0,0,8326,466
NW,2020-04-21,24,0,0,0,0,8698,372
NW,2020-04-22,24,0,0,0,0,9166,468
NW,2020-04-23,25,1,0,0,0,9837,671
NW,2020-04-24,25,0,0,0,0,10441,604
NW,2020-04-25,28,3,0,0,0,11031,590
NW,2020-04-26,28,0,0,0,0,11554,523
NW,2020-04-27,28,0,0,0,0,12227,673
NW,2020-04-28,29,1,0,0,0,12708,481
NW,2020-04-29,29,0,0,0,0,13505,797
NW,2020-04-30,31,2,0,0,0,14218,713
NW,2020-05-01,35,4,0,0,0,14903,685
NW,2020-05-02,35,0,0,0,0,15805,902
NW,2020-05-03,35,0,0,0,0,16837,1032
NW,2020-05-04,35,0,0,0,0,17645,808
NW,2020-05-05,35,0,0,0,0,18366,721
NW,2020-05-06,37,2,0,0,0,19141,775
NW,2020-05-07,40,3,0,0,0,20016,875
NW,2020-05-08,41,1,0,0,0,21085,1069
NW,2020-05-09,41,0,0,0,0,22204,1119
NW,2020-05-10,45,4,0,0,0,23386,1182
NW,2020-05-11,50,5,1,1,0,24395,1009
NW,2020-05-12,51,1,1,0,0,25329,934
NW,2020-05-13,52,1,1,0,0,26470,1141
NW,2020-05-14,58,6,1,0,0,27612,1142
NW,2020-05-15,63,5,1,0,0,28882,1270
NW,2020-05-16,64,1,1,0,0,30116,1234
NW,2020-05-17,70,6,1,0,0,31576,1460
NW,2020-05-18,72,2,1,0,0,32549,973
NW,2020-05-19,72,0,1,0,0,33477,928
NW,2020-05-20,72,0,1,0,0,34659,1182
NW,2020-05-21,77,5,1,0,0,36000,1341
NW,2020-05-22,80,3,1,0,0,37206,1206
NW,2020-05-23,81,1,1,0,0,38668,1462
NW,2020-05-24,94,13,1,0,0,40003,1335
NW,2020-05-25,109,15,1,0,0,40888,885
NW,2020-05-26,115,6,1,0,0,41519,631
NW,2020-05-27,128,13,1,0,0,43506,1987
NW,2020-05-28,134,6,1,0,0,44926,1420
NW,2020-05-29,143,9,1,0,0,46601,1675
NW,2020-05-30,162,19,1,0,0,48088,1487
NW,2020-05-31,175,13,1,0,0,49681,1593
NW,2020-06-01,187,12,1,0,0,50888,1207
NW,2020-06-02,271,84,1,0,0,52176,1288
NW,2020-06-03,314,43,1,0,0,53851,1675
NW,2020-06-04,364,50,1,0,0,56228,2377
NW,2020-06-05,409,45,1,0,0,58297,2069
NW,2020-06-06,468,59,1,0,0,61092,2795
NW,2020-06-07,523,55,1,0,0,63038,1946
NW,2020-06-08,580,57,1,0,0,64614,1576
NW,2020-06-09,604,24,1,0,0,66328,1714
NW,2020-06-10,657,53,1,0,0,68406,2078
NW,2020-06-11,757,100,5,4,0,70461,2055
NW,2020-06-12,865,108,5,0,0,72655,2194
NW,2020-06-13,977,112,5,0,0,74537,1882
NW,2020-06-14,1097,120,5,0,0,76871,2334
NW,2020-06-15,1177,80,5,0,0,78719,1848
NW,2020-06-16,1281,104,5,0,0,80335,1616
NW,2020-06-17,1402,121,5,0,0,82723,2388
NW,2020-06-18,1606,204,5,0,0,84144,1421
NW,2020-06-19,1758,152,5,0,0,86360,2216
NW,2020-06-20,1957,199,5,0,0,88633,2273
NW,2020-06-21,2148,191,5,0,0,90994,2361
NW,2020-06-22,2315,167,5,0,0,92715,1721
NW,2020-06-23,2454,139,5,0,0,94743,2028
NW,2020-06-24,2618,164,5,0,0,97081,2338
NW,2020-06-25,2965,347,5,0,0,100035,2954
NW,2020-06-26,3218,253,5,0,0,102302,2267
NW,2020-06-27,3454,236,5,0,0,104762,2460
NW,2020-06-28,3647,193,5,0,0,107371,2609
NW,2020-06-29,3931,284,7,2,0,109420,2049
NW,2020-06-30,4187,256,7,0,0,111682,2262
NW,2020-07-01,4393,206,7,0,0,114212,2530
NW,2020-07-02,4788,395,7,0,0,116897,2685
NW,2020-07-03,5168,380,36,29,0,119571,2674
NW,2020-07-04,5644,476,36,0,0,122786,3215
NW,2020-07-05,6063,419,36,0,0,125395,2609
NW,2020-07-06,6410,347,36,0,0,127721,2326
NW,2020-07-07,6842,432,36,0,0,130696,2975
NW,2020-07-08,7147,305,36,0,0,133222,2526
NW,2020-07-09,7870,723,36,0,0,137071,3849
NW,2020-07-10,8676,806,36,0,0,140953,3882
NW,2020-07-11,9418,742,36,0,0,144471,3518
NW,2020-07-12,9924,506,36,0,0,147611,3140
NW,2020-07-13,10525,601,36,0,0,150368,2757
NW,2020-07-14,10784,259,36,0,0,152980,2612
NW,2020-07-15,11225,441,48,12,0,156090,3110
NW,2020-07-16,11891,666,48,0,0,159296,3206
NW,2020-07-17,12722,831,48,0,0,162594,3298
NW,2020-07-18,13400,678,48,0,0,165999,3405
NW,2020-07-19,14006,606,48,0,0,169357,3358
NW,2020-07-20,14337,331,48,0,0,171680,2323
NW,2020-07-21,14634,297,48,0,0,173823,2143
NW,2020-07-22,15073,439,48,0,0,177150,3327
NW,2020-07-23,15901,828,48,0,0,180345,3195
NW,2020-07-24,16548,647,48,0,0,183934,3589
NW,2020-07-25,16942,394,48,0,0,187108,3174
NW,2020-07-26,17338,396,48,0,0,190052,2944
NW,2020-07-27,17604,266,59,11,0,192000,1948
NW,2020-07-28,17791,187,72,13,0,193948,1948
NW,2020-07-29,18231,440,72,0,0,196862,2914
NW,2020-07-30,18811,580,81,9,0,199938,3076
NW,2020-07-31,19325,514,81,0,0,202781,2843
NW,2020-08-01,19714,389,81,0,0,205690,2909
NW,2020-08-02,19961,247,81,0,0,208074,2384
NW,2020-08-03,20149,188,109,28,0,209576,1502
NW,2020-08-04,20270,121,109,0,0,210913,1337
NW,2020-08-05,20686,416,109,0,0,213310,2397
NW,2020-08-06,21044,358,109,0,0,215819,2509
NW,2020-08-07,21315,271,109,0,0,218138,2319
NW,2020-08-08,21642,327,130,21,0,220646,2508
NW,2020-08-09,21837,195,130,0,0,222723,2077
NW,2020-08-10,21933,96,130,0,0,223882,1159
NW,2020-08-11,22031,98,150,20,0,224669,787
NW,2020-08-12,22205,174,150,0,0,225797,1128
NW,2020-08-13,22483,278,150,0,0,227172,1375
NW,2020-08-14,22816,333,176,26,0,229612,2440
NW,2020-08-15,23093,277,176,0,0,231456,1844
NW,2020-08-16,23250,157,194,18,0,233005,1549
NW,2020-08-17,23305,55,194,0,0,234035,1030
NW,2020-08-18,23445,140,214,20,0,235041,1006
NW,2020-08-19,23641,196,214,0,0,236776,1735
NW,2020-08-20,23868,227,214,0,0,238462,1686
NW,2020-08-21,24003,135,224,10,0,240122,1660
NW,2020-08-22,24185,182,224,0,0,242216,2094
NW,2020-08-23,24301,116,224,0,0,243474,1258
NW,2020-08-24,24371,70,224,0,0,244203,729
NW,2020-08-25,24445,74,224,0,0,245215,1012
NW,2020-08-26,24646,201,224,0,0,246595,1380
NW,2020-08-27,24805,159,224,0,0,247897,1302
NW,2020-08-28,24922,117,240,16,0,248879,982
NW,2020-08-29,25086,164,240,0,0,250295,1416
NW,2020-08-30,25240,154,240,0,0,251796,1501
NW,2020-08-31,25348,108,248,8,0,253087,1291
NW,2020-09-01,25390,42,266,18,0,253888,801
NW,2020-09-02,25604,214,266,0,0,255348,1460
NW,2020-09-03,25816,212,275,9,0,256744,1396
NW,2020-09-04,25965,149,275,0,0,258018,1274
NW,2020-09-05,26092,127,275,0,0,259260,1242
NW,2020-09-06,26245,153,275,0,0,260381,1121
NW,2020-09-07,26294,49,285,10,0,260981,600
NW,2020-09-08,26399,105,285,0,0,261818,837
NW,2020-09-09,26580,181,295,10,0,263307,1489
NW,2020-09-10,26767,187,310,15,0,264715,1408
NW,2020-09-11,26935,168,310,0,0,266134,1419
NW,2020-09-12,27094,159,310,0,0,267410,1276
NW,2020-09-13,27219,125,310,0,0,268485,1075
NW,2020-09-14,27262,43,325,15,0,269180,695
NW,2020-09-15,27321,59,325,0,0,269975,795
NW,2020-09-16,27527,206,325,0,0,271411,1436
NW,2020-09-17,27721,194,325,0,0,272943,1532
NW,2020-09-18,27856,135,325,0,0,274317,1374
NW,2020-09-19,28025,169,325,0,0,275761,1444
NW,2020-09-20,28171,146,325,0,0,276918,1157
NW,2020-09-21,28187,16,341,16,0,277341,423
NW,2020-09-22,28331,144,341,0,0,278464,1123
NW,2020-09-23,28528,197,350,9,0,279810,1346
NW,2020-09-24,28688,160,350,0,0,281071,1261
NW,2020-09-25,28809,121,350,0,0,282093,1022
NW,2020-09-26,28891,82,350,0,0,282871,778
NW,2020-09-27,29012,121,355,5,0,283901,1030
NW,2020-09-28,29078,66,355,0,0,284519,618
NW,2020-09-29,29160,82,363,8,0,285342,823
NW,2020-09-30,29318,158,363,0,0,286947,1605
NW,2020-10-01,29463,145,370,7,0,288395,1448
NW,2020-10-02,29630,167,370,0,0,289811,1416
NW,2020-10-03,29834,204,370,0,0,291305,1494
NW,2020-10-04,29927,93,370,0,0,292546,1241
NW,2020-10-05,29979,52,370,0,0,293280,734
NW,2020-10-06,30103,124,375,5,0,294280,1000
NW,2020-10-07,30288,185,375,0,0,295896,1616
NW,2020-10-08,30408,120,375,0,0,297347,1451
WC,2020-03-05,0,0,0,0,0,19,19
WC,2020-03-06,0,0,0,0,0,23,4
WC,2020-03-07,0,0,0,0,0,28,5
WC,2020-03-08,0,0,0,0,0,28,0
WC,2020-03-09,0,0,0,0,0,28,0
WC,2020-03-10,0,0,0,0,0,28,0
WC,2020-03-11,1,1,0,0,0,75,47
WC,2020-03-12,1,0,0,0,0,99,24
WC,2020-03-13,3,2,0,0,0,108,9
WC,2020-03-14,9,6,0,0,0,119,11
WC,2020-03-15,14,5,0,0,0,172,53
WC,2020-03-16,16,2,0,0,0,280,108
WC,2020-03-17,21,5,0,0,0,339,59
WC,2020-03-18,31,10,0,0,0,358,19
WC,2020-03-19,46,15,0,0,0,563,205
WC,2020-03-20,57,11,0,0,0,750,187
WC,2020-03-21,75,18,0,0,0,865,115
WC,2020-03-22,89,14,0,0,0,1085,220
WC,2020-03-23,100,11,0,0,0,1493,408
WC,2020-03-24,113,13,0,0,0,1809,316
WC,2020-03-25,183,70,0,0,0,1809,0
WC,2020-03-26,229,46,0,0,0,2384,575
WC,2020-03-27,229,0,1,1,0,3323,939
WC,2020-03-28,271,42,1,0,0,3722,399
WC,2020-03-29,310,39,1,0,0,4145,423
WC,2020-03-30,324,14,1,0,0,4473,328
WC,2020-03-31,325,1,1,0,0,4783,310
WC,2020-04-01,326,1,1,0,0,5158,375
WC,2020-04-02,353,27,1,0,0,5586,428
WC,2020-04-03,374,21,1,0,0,5865,279
WC,2020-04-04,433,59,1,0,0,6281,416
WC,2020-04-05,454,21,2,1,0,6623,342
WC,2020-04-06,462,8,3,1,0,6766,143
WC,2020-04-07,462,0,3,0,0,6766,0
WC,2020-04-08,495,33,3,0,0,7427,661
WC,2020-04-09,515,20,3,0,0,8021,594
WC,2020-04-10,541,26,6,3,0,8505,484
WC,2020-04-11,546,5,7,1,0,8741,236
WC,2020-04-12,587,41,7,0,0,9327,586
WC,2020-04-13,617,30,8,1,0,9744,417
WC,2020-04-14,643,26,8,0,0,10135,391
WC,2020-04-15,657,14,8,0,0,10542,407
WC,2020-04-16,675,18,13,5,0,11071,529
WC,2020-04-17,717,42,15,2,0,11743,672
WC,2020-04-18,836,119,16,1,0,12602,859
WC,2020-04-19,868,32,17,1,0,13360,758
WC,2020-04-20,940,72,17,0,0,14152,792
WC,2020-04-21,1010,70,17,0,0,14784,632
WC,2020-04-22,1079,69,22,5,0,15580,796
WC,2020-04-23,1279,200,28,6,0,16721,1141
WC,2020-04-24,1413,134,30,2,0,17748,1027
WC,2020-04-25,1514,101,32,2,0,18751,1003
WC,2020-04-26,1608,94,33,1,0,19641,890
WC,2020-04-27,1737,129,35,2,0,20785,1144
WC,2020-04-28,1870,133,38,3,0,21603,818
WC,2020-04-29,2135,265,42,4,0,22957,1354
WC,2020-04-30,2342,207,42,0,0,24168,1211
WC,2020-05-01,2507,165,55,13,0,25332,1164
WC,2020-05-02,2700,193,56,1,0,26865,1533
WC,2020-05-03,3044,344,58,2,0,28619,1754
WC,2020-05-04,3362,318,64,6,0,29992,1373
WC,2020-05-05,3609,247,71,7,0,31217,1225
WC,2020-05-06,3760,151,73,2,0,32535,1318
WC,2020-05-07,3994,234,79,6,0,34023,1488
WC,2020-05-08,4497,503,88,9,0,35839,1816
WC,2020-05-09,4809,312,95,7,0,37740,1901
WC,2020-05-10,5168,359,98,3,0,39750,2010
WC,2020-05-11,5621,453,106,8,0,41465,1715
WC,2020-05-12,6105,484,106,0,0,43052,1587
WC,2020-05-13,6713,608,117,11,0,44991,1939
WC,2020-05-14,7235,522,129,12,0,46932,1941
WC,2020-05-15,7798,563,137,8,0,49091,2159
WC,2020-05-16,8404,606,149,12,0,51188,2097
WC,2020-05-17,9294,890,149,0,0,53670,2482
WC,2020-05-18,10035,741,166,17,0,55323,1653
WC,2020-05-19,10639,604,187,21,0,56899,1576
WC,2020-05-20,11262,623,210,23,0,58908,2009
WC,2020-05-21,12153,891,235,25,0,61187,2279
WC,2020-05-22,12888,735,257,22,0,63236,2049
WC,2020-05-23,13826,938,261,4,0,65721,2485
WC,2020-05-24,14740,914,281,20,0,67990,2269
WC,2020-05-25,15396,656,330,49,0,69495,1505
WC,2020-05-26,15829,433,363,33,0,70568,1073
WC,2020-05-27,16893,1064,391,28,0,73946,3378
WC,2020-05-28,17754,861,406,15,0,76360,2414
WC,2020-05-29,18906,1152,437,31,0,79207,2847
WC,2020-05-30,20160,1254,465,28,0,81735,2528
WC,2020-05-31,21382,1222,503,38,0,84441,2706
WC,2020-06-01,22567,1185,525,22,0,86492,2051
WC,2020-06-02,23583,1016,568,43,0,88680,2188
WC,2020-06-03,24657,1074,597,29,0,91527,2847
WC,2020-06-04,27006,2349,651,54,0,95567,4040
WC,2020-06-05,28807,1801,704,53,0,99083,3516
WC,2020-06-06,30379,1572,729,25,0,103834,4751
WC,2020-06-07,31824,1445,774,45,0,107141,3307
WC,2020-06-08,33568,1744,829,55,0,109819,2678
WC,2020-06-09,34819,1251,890,61,0,112731,2912
WC,2020-06-10,36021,1202,927,37,0,116263,3532
WC,2020-06-11,37422,1401,966,39,0,119756,3493
WC,2020-06-12,38926,1504,1005,39,0,123485,3729
WC,2020-06-13,40605,1679,1041,36,0,126683,3198
WC,2020-06-14,42539,1934,1083,42,0,130651,3968
WC,2020-06-15,44143,1604,1156,73,0,133792,3141
WC,2020-06-16,45357,1214,1200,44,0,136538,2746
WC,2020-06-17,46555,1198,1243,43,0,140596,4058
WC,2020-06-18,47522,967,1300,57,0,143011,2415
WC,2020-06-19,48706,1184,1360,60,0,146776,3765
WC,2020-06-20,50173,1467,1392,32,0,150639,3863
WC,2020-06-21,51441,1268,1419,27,0,154651,4012
WC,2020-06-22,52554,1113,1458,39,0,157576,2925
WC,2020-06-23,53512,958,1536,78,0,161022,3446
WC,2020-06-24,55162,1650,1599,63,0,164995,3973
WC,2020-06-25,56780,1618,1652,53,0,170016,5021
WC,2020-06-26,57941,1161,1692,40,0,173870,3854
WC,2020-06-27,59315,1374,1732,40,0,178051,4181
WC,2020-06-28,60445,1130,1764,32,0,182485,4434
WC,2020-06-29,61375,930,1807,43,0,185968,3483
WC,2020-06-30,62481,1106,1859,52,0,189812,3844
WC,2020-07-01,64377,1896,1896,37,0,194113,4301
WC,2020-07-02,65841,1464,1925,29,0,198676,4563
WC,2020-07-03,66936,1095,1983,58,0,203221,4545
WC,2020-07-04,68376,1440,2026,43,0,208685,5464
WC,2020-07-05,69531,1155,2066,40,0,213120,4435
WC,2020-07-06,70938,1407,2101,35,0,217073,3953
WC,2020-07-07,72156,1218,2145,44,0,222129,5056
WC,2020-07-08,73292,1136,2192,47,0,226422,4293
WC,2020-07-09,74815,1523,2229,37,0,232963,6541
WC,2020-07-10,76067,1252,2295,66,0,239561,6598
WC,2020-07-11,77336,1269,2333,38,0,245539,5978
WC,2020-07-12,78399,1063,2348,15,0,250875,5336
WC,2020-07-13,79344,945,2385,37,0,255560,4685
WC,2020-07-14,80199,855,2429,44,0,259998,4438
WC,2020-07-15,81556,1357,2467,38,0,265283,5285
WC,2020-07-16,82986,1430,2514,47,0,270732,5449
WC,2020-07-17,84254,1268,2550,36,0,276337,5605
WC,2020-07-18,85411,1157,2593,43,0,282123,5786
WC,2020-07-19,85772,361,2619,26,0,287830,5707
WC,2020-07-20,85772,0,2669,50,0,291777,3947
WC,2020-07-21,86329,557,2717,48,0,295419,3642
WC,2020-07-22,87847,1518,2752,35,0,301073,5654
WC,2020-07-23,88928,1081,2780,28,0,306503,5430
WC,2020-07-24,90011,1083,2827,47,0,312603,6100
WC,2020-07-25,91033,1022,2845,18,0,317997,5394
WC,2020-07-26,92079,1046,2875,30,0,323000,5003
WC,2020-07-27,92600,521,2911,36,0,326311,3311
WC,2020-07-28,92983,383,2960,49,0,329621,3310
WC,2020-07-29,93737,754,2983,23,0,334573,4952
WC,2020-07-30,94440,703,3017,34,0,339800,5227
WC,2020-07-31,95223,783,3050,33,0,344631,4831
WC,2020-08-01,96189,966,3074,24,0,349574,4943
WC,2020-08-02,96838,649,3117,43,0,353626,4052
WC,2020-08-03,97076,238,3148,31,0,356178,2552
WC,2020-08-04,97261,185,3245,97,0,358450,2272
WC,2020-08-05,98031,770,3279,34,0,362524,4074
WC,2020-08-06,98599,568,3325,46,0,366788,4264
WC,2020-08-07,99027,428,3354,29,0,370730,3942
WC,2020-08-08,99588,561,3376,22,0,374993,4263
WC,2020-08-09,99959,371,3399,23,0,378523,3530
WC,2020-08-10,100213,254,3429,30,0,380492,1969
WC,2020-08-11,100316,103,3454,25,0,381829,1337
WC,2020-08-12,100536,220,3485,31,0,383745,1916
WC,2020-08-13,100976,440,3506,21,0,386081,2336
WC,2020-08-14,101570,594,3534,28,0,390228,4147
WC,2020-08-15,101989,419,3560,26,0,393363,3135
WC,2020-08-16,102449,460,3580,20,0,395996,2633
WC,2020-08-17,102609,160,3612,32,0,397746,1750
WC,2020-08-18,102739,130,3646,34,0,399455,1709
WC,2020-08-19,103210,471,3675,29,0,402404,2949
WC,2020-08-20,103616,406,3688,13,0,405270,2866
WC,2020-08-21,103942,326,3713,25,0,408091,2821
WC,2020-08-22,104285,343,3718,5,0,411650,3559
WC,2020-08-23,104588,303,3726,8,0,413788,2138
WC,2020-08-24,104667,79,3745,19,0,415027,1239
WC,2020-08-25,104781,114,3763,18,0,416747,1720
WC,2020-08-26,104997,216,3823,60,0,419092,2345
WC,2020-08-27,105273,276,3843,20,0,421306,2214
WC,2020-08-28,105507,234,3853,10,0,422975,1669
WC,2020-08-29,105676,169,3862,9,0,425381,2406
WC,2020-08-30,105908,232,3869,7,0,427931,2550
WC,2020-08-31,106021,113,3893,24,0,430126,2195
WC,2020-09-01,106114,93,3913,20,0,431487,1361
WC,2020-09-02,106353,239,3929,16,0,433969,2482
WC,2020-09-03,106582,229,3946,17,0,436342,2373
WC,2020-09-04,106787,205,3950,4,0,438508,2166
WC,2020-09-05,106982,195,3960,10,0,440618,2110
WC,2020-09-06,107187,205,3961,1,0,442524,1906
WC,2020-09-07,107244,57,3974,13,0,443544,1020
WC,2020-09-08,107331,87,3994,20,0,444966,1422
WC,2020-09-09,107624,293,4016,22,0,447497,2531
WC,2020-09-10,107867,243,4022,6,0,449891,2394
WC,2020-09-11,108048,181,4040,18,0,452303,2412
WC,2020-09-12,108279,231,4053,13,0,454471,2168
WC,2020-09-13,108431,152,4059,6,0,456298,1827
WC,2020-09-14,108486,55,4066,7,0,457478,1180
WC,2020-09-15,108538,52,4079,13,0,458829,1351
WC,2020-09-16,108767,229,4088,9,0,461270,2441
WC,2020-09-17,108995,228,4100,12,0,463873,2603
WC,2020-09-18,109157,162,4107,7,0,466209,2336
WC,2020-09-19,109358,201,4111,4,0,468662,2453
WC,2020-09-20,109507,149,4117,6,0,470628,1966
WC,2020-09-21,109526,19,4121,4,0,471348,720
WC,2020-09-22,109616,90,4138,17,0,473257,1909
WC,2020-09-23,109830,214,4151,13,0,475544,2287
WC,2020-09-24,110080,250,4155,4,0,477687,2143
WC,2020-09-25,110224,144,4159,4,0,479424,1737
WC,2020-09-26,110295,71,4160,1,0,480747,1323
WC,2020-09-27,110430,135,4163,3,0,482497,1750
WC,2020-09-28,110493,63,4167,4,0,483547,1050
WC,2020-09-29,110541,48,4173,6,0,484946,1399
WC,2020-09-30,110739,198,4182,9,0,487674,2728
WC,2020-10-01,110888,149,4188,6,0,490135,2461
WC,2020-10-02,111060,172,4196,8,0,492541,2406
WC,2020-10-03,111253,193,4203,7,0,495080,2539
WC,2020-10-04,111448,195,4204,1,0,497189,2109
WC,2020-10-05,111517,69,4208,4,0,498437,1248
WC,2020-10-06,111596,79,4223,15,0,500136,1699
WC,2020-10-07,111826,230,4231,8,0,502882,2746
WC,2020-10-08,112012,186,4239,8,0,505347,2465
